<?xml version = '1.0' encoding = 'UTF-8'?>
<Diagram class="oracle.dbtools.crest.swingui.relational.DPVRelational" name="Relational_1" id="0809ECE8-6DED-DB52-840E-823598B66B40">
<createdBy>wojci</createdBy>
<modifiedBy>wojci</modifiedBy>
<createdTime>2023-01-04 16:47:21 UTC</createdTime>
<autoRoute>false</autoRoute>
<boxInbox>true</boxInbox>
<showLegend>false</showLegend>
<showLabels>false</showLabels>
<showRelAttributes>false</showRelAttributes>
<gridEnabled>false</gridEnabled>
<showGrid>false</showGrid>
<diagramColor>-1</diagramColor>
<display>false</display>
<notation>1</notation>
<objectViews>
<OView class="oracle.dbtools.crest.swingui.relational.TVTable" oid="0499ED38-2DD6-49D5-B542-E166BB2FAC1A" otype="Table" vid="C24E40C0-FB6D-A9B5-4296-786910F24F9D">
<hideElementsInCurrentOnly>false</hideElementsInCurrentOnly>
<bounds x="879" y="35" width="199" height="112"/>
</OView>
<OView class="oracle.dbtools.crest.swingui.relational.TVTable" oid="06C7B0BC-749B-A137-51EC-49B038B76CDA" otype="Table" vid="E52B722F-7012-4188-19BC-1EB0A79366D6">
<hideElementsInCurrentOnly>false</hideElementsInCurrentOnly>
<bounds x="78" y="451" width="177" height="110"/>
</OView>
<OView class="oracle.dbtools.crest.swingui.relational.TVTable" oid="0B46706D-B443-EFD1-5ACF-749932739529" otype="Table" vid="494DA224-5787-3117-387F-B95D9E595A22">
<hideElementsInCurrentOnly>false</hideElementsInCurrentOnly>
<bounds x="80" y="107" width="170" height="110"/>
</OView>
<OView class="oracle.dbtools.crest.swingui.relational.TVTable" oid="0ECE3F34-3047-776B-741E-5C1904C26505" otype="Table" vid="84FFB5B2-78E8-E93D-BA0A-47E2FEBE3395">
<hideElementsInCurrentOnly>false</hideElementsInCurrentOnly>
<bounds x="602" y="194" width="170" height="110"/>
</OView>
<OView class="oracle.dbtools.crest.swingui.relational.TVTable" oid="399B33BA-192E-7F6F-B83F-72044E46A64D" otype="Table" vid="0972FC84-79B4-9952-727F-C9F68557D453">
<hideElementsInCurrentOnly>false</hideElementsInCurrentOnly>
<bounds x="866" y="222" width="244" height="110"/>
</OView>
<OView class="oracle.dbtools.crest.swingui.relational.TVTable" oid="629405C7-2160-CEE8-F7FF-14287A99FC91" otype="Table" vid="1381A38D-A069-0174-4433-479A47F7E72E">
<hideElementsInCurrentOnly>false</hideElementsInCurrentOnly>
<bounds x="600" y="33" width="204" height="110"/>
</OView>
<OView class="oracle.dbtools.crest.swingui.relational.TVTable" oid="A1063486-BFB1-287D-D120-524E6540E25B" otype="Table" vid="5BB5D878-048C-F055-92B1-20CFAAFB3DC4">
<hideElementsInCurrentOnly>false</hideElementsInCurrentOnly>
<bounds x="363" y="202" width="170" height="110"/>
</OView>
<OView class="oracle.dbtools.crest.swingui.relational.TVTable" oid="A37BA93C-DA26-116D-D29F-7DBD5838FC47" otype="Table" vid="C137F42A-EF1D-2567-8254-85DCB8EA70A1">
<hideElementsInCurrentOnly>false</hideElementsInCurrentOnly>
<bounds x="858" y="434" width="214" height="121"/>
</OView>
<OView class="oracle.dbtools.crest.swingui.relational.TVTable" oid="C2A560A6-59A0-904B-AF74-16F014212485" otype="Table" vid="E592D4BA-46A7-F1AE-355E-E6DE6AD4266C">
<hideElementsInCurrentOnly>false</hideElementsInCurrentOnly>
<bounds x="361" y="404" width="203" height="172"/>
</OView>
<OView class="oracle.dbtools.crest.swingui.relational.TVTable" oid="EE7B8815-9821-0538-BE91-5EF42FA89078" otype="Table" vid="A7F94379-036E-2045-BD58-AF899F6F3125">
<hideElementsInCurrentOnly>false</hideElementsInCurrentOnly>
<bounds x="82" y="311" width="180" height="110"/>
</OView>
</objectViews>
<connectors>
<Connector class="oracle.dbtools.crest.swingui.relational.TVFKRelation" oid="31220BD6-57D7-0599-E1BF-BE84C2914C8B" otype="FKIndexAssociation" vid_source="A7F94379-036E-2045-BD58-AF899F6F3125" vid_target="E592D4BA-46A7-F1AE-355E-E6DE6AD4266C">
<hideElementsInCurrentOnly>false</hideElementsInCurrentOnly>
<backgroundColor>-16777216</backgroundColor>
<lineWidth>1</lineWidth>
<points>
<point x="262" y="412"/>
<point x="361" y="412"/>
</points>
</Connector>
<Connector class="oracle.dbtools.crest.swingui.relational.TVFKRelation" oid="43D77457-1181-9DCE-6C24-A8CF499B050F" otype="FKIndexAssociation" vid_source="1381A38D-A069-0174-4433-479A47F7E72E" vid_target="C24E40C0-FB6D-A9B5-4296-786910F24F9D">
<hideElementsInCurrentOnly>false</hideElementsInCurrentOnly>
<backgroundColor>-16777216</backgroundColor>
<lineWidth>1</lineWidth>
<points>
<point x="804" y="89"/>
<point x="879" y="89"/>
</points>
</Connector>
<Connector class="oracle.dbtools.crest.swingui.relational.TVFKRelation" oid="4E6369B0-3DF8-4A6D-963E-3D62435868BE" otype="FKIndexAssociation" vid_source="0972FC84-79B4-9952-727F-C9F68557D453" vid_target="0972FC84-79B4-9952-727F-C9F68557D453">
<hideElementsInCurrentOnly>false</hideElementsInCurrentOnly>
<backgroundColor>-16777216</backgroundColor>
<lineWidth>1</lineWidth>
<points>
<point x="1085" y="289"/>
<point x="1085" y="286"/>
<point x="1085" y="357"/>
<point x="980" y="357"/>
<point x="980" y="332"/>
</points>
</Connector>
<Connector class="oracle.dbtools.crest.swingui.relational.TVFKRelation" oid="5FA5D899-F926-4ED7-3438-95B35AEF622F" otype="FKIndexAssociation" vid_source="494DA224-5787-3117-387F-B95D9E595A22" vid_target="A7F94379-036E-2045-BD58-AF899F6F3125">
<hideElementsInCurrentOnly>false</hideElementsInCurrentOnly>
<backgroundColor>-16777216</backgroundColor>
<lineWidth>1</lineWidth>
<points>
<point x="166" y="217"/>
<point x="166" y="311"/>
</points>
</Connector>
<Connector class="oracle.dbtools.crest.swingui.relational.TVFKRelation" oid="605F6F77-4B67-D74C-804E-9FFF19E7B47A" otype="FKIndexAssociation" vid_source="0972FC84-79B4-9952-727F-C9F68557D453" vid_target="C137F42A-EF1D-2567-8254-85DCB8EA70A1">
<hideElementsInCurrentOnly>false</hideElementsInCurrentOnly>
<backgroundColor>-16777216</backgroundColor>
<lineWidth>1</lineWidth>
<points>
<point x="969" y="332"/>
<point x="969" y="434"/>
</points>
</Connector>
<Connector class="oracle.dbtools.crest.swingui.relational.TVFKRelation" oid="6B88DC11-1600-6F30-B3D9-52B73C8B21F1" otype="FKIndexAssociation" vid_source="E52B722F-7012-4188-19BC-1EB0A79366D6" vid_target="E592D4BA-46A7-F1AE-355E-E6DE6AD4266C">
<hideElementsInCurrentOnly>false</hideElementsInCurrentOnly>
<backgroundColor>-16777216</backgroundColor>
<lineWidth>1</lineWidth>
<points>
<point x="255" y="506"/>
<point x="361" y="506"/>
</points>
</Connector>
<Connector class="oracle.dbtools.crest.swingui.relational.TVFKRelation" oid="73BAA3E1-609A-2C02-C01A-899AEC22B26F" otype="FKIndexAssociation" vid_source="E592D4BA-46A7-F1AE-355E-E6DE6AD4266C" vid_target="C137F42A-EF1D-2567-8254-85DCB8EA70A1">
<hideElementsInCurrentOnly>false</hideElementsInCurrentOnly>
<backgroundColor>-16777216</backgroundColor>
<lineWidth>1</lineWidth>
<points>
<point x="564" y="494"/>
<point x="858" y="494"/>
</points>
</Connector>
<Connector class="oracle.dbtools.crest.swingui.relational.TVFKRelation" oid="77C08D29-C7F2-A5A2-4216-DFF1CA2783B5" otype="FKIndexAssociation" vid_source="84FFB5B2-78E8-E93D-BA0A-47E2FEBE3395" vid_target="0972FC84-79B4-9952-727F-C9F68557D453">
<hideElementsInCurrentOnly>false</hideElementsInCurrentOnly>
<backgroundColor>-16777216</backgroundColor>
<lineWidth>1</lineWidth>
<points>
<point x="772" y="263"/>
<point x="866" y="263"/>
</points>
</Connector>
<Connector class="oracle.dbtools.crest.swingui.relational.TVFKRelation" oid="8FEA58B7-5D2F-E9F2-8940-61EC7A528A3D" otype="FKIndexAssociation" vid_source="494DA224-5787-3117-387F-B95D9E595A22" vid_target="5BB5D878-048C-F055-92B1-20CFAAFB3DC4">
<hideElementsInCurrentOnly>false</hideElementsInCurrentOnly>
<backgroundColor>-16777216</backgroundColor>
<lineWidth>1</lineWidth>
<points>
<point x="250" y="209"/>
<point x="363" y="209"/>
</points>
</Connector>
<Connector class="oracle.dbtools.crest.swingui.relational.TVFKRelation" oid="9299B1FD-49B1-2ED9-3F32-01F56AC96CCB" otype="FKIndexAssociation" vid_source="5BB5D878-048C-F055-92B1-20CFAAFB3DC4" vid_target="E592D4BA-46A7-F1AE-355E-E6DE6AD4266C">
<hideElementsInCurrentOnly>false</hideElementsInCurrentOnly>
<backgroundColor>-16777216</backgroundColor>
<lineWidth>1</lineWidth>
<points>
<point x="448" y="312"/>
<point x="448" y="404"/>
</points>
</Connector>
<Connector class="oracle.dbtools.crest.swingui.relational.TVFKRelation" oid="A5853447-8CCC-7AA7-B9EF-064F91326899" otype="FKIndexAssociation" vid_source="1381A38D-A069-0174-4433-479A47F7E72E" vid_target="84FFB5B2-78E8-E93D-BA0A-47E2FEBE3395">
<hideElementsInCurrentOnly>false</hideElementsInCurrentOnly>
<backgroundColor>-16777216</backgroundColor>
<lineWidth>1</lineWidth>
<points>
<point x="687" y="143"/>
<point x="687" y="194"/>
</points>
</Connector>
<Connector class="oracle.dbtools.crest.swingui.relational.TVFKRelation" oid="C16A53F6-16AE-59F2-02B0-892A615C393D" otype="FKIndexAssociation" vid_source="E592D4BA-46A7-F1AE-355E-E6DE6AD4266C" vid_target="84FFB5B2-78E8-E93D-BA0A-47E2FEBE3395">
<hideElementsInCurrentOnly>false</hideElementsInCurrentOnly>
<backgroundColor>-16777216</backgroundColor>
<lineWidth>1</lineWidth>
<points>
<point x="542" y="404"/>
<point x="635" y="304"/>
</points>
</Connector>
</connectors>
</Diagram>