<?xml version = '1.0' encoding = 'UTF-8'?>
<Diagram class="oracle.dbtools.crest.swingui.logical.DPVLogical" name="Logical" id="6FDC766C-E81F-2EB6-640E-E25F936847B2">
<createdBy>wojci</createdBy>
<modifiedBy>wojci</modifiedBy>
<createdTime>2022-12-30 21:17:23 UTC</createdTime>
<autoRoute>false</autoRoute>
<boxInbox>true</boxInbox>
<showLegend>false</showLegend>
<showLabels>false</showLabels>
<showRelAttributes>false</showRelAttributes>
<gridEnabled>false</gridEnabled>
<showGrid>false</showGrid>
<diagramColor>-1</diagramColor>
<display>false</display>
<notation>0</notation>
<objectViews>
<OView class="oracle.dbtools.crest.swingui.logical.TVEntity" oid="05B8C151-3B37-AB6E-F8CE-0E06D651AE63" otype="Entity" vid="EC079F8C-33C0-9D18-8A82-47BAC40EE696">
<hideElementsInCurrentOnly>false</hideElementsInCurrentOnly>
<bounds x="602" y="194" width="170" height="110"/>
</OView>
<OView class="oracle.dbtools.crest.swingui.logical.TVEntity" oid="06A64368-5B3C-3BA6-DACC-09D6D20EB8C0" otype="Entity" vid="D53249BD-EF1B-B435-C1C4-B3BE0E8F2095">
<hideElementsInCurrentOnly>false</hideElementsInCurrentOnly>
<bounds x="80" y="107" width="170" height="110"/>
</OView>
<OView class="oracle.dbtools.crest.swingui.logical.TVEntity" oid="3E8B2F11-E910-D305-5DE7-501BD1C6DC67" otype="Entity" vid="4AE463D7-708B-9A97-586F-44912388E143">
<hideElementsInCurrentOnly>false</hideElementsInCurrentOnly>
<bounds x="78" y="451" width="177" height="110"/>
</OView>
<OView class="oracle.dbtools.crest.swingui.logical.TVEntity" oid="3EDA1CEC-FBF8-922D-6162-90381C2E2661" otype="Entity" vid="83D103B1-AD66-E936-E0A7-0D9FFC618623">
<hideElementsInCurrentOnly>false</hideElementsInCurrentOnly>
<bounds x="82" y="311" width="180" height="110"/>
</OView>
<OView class="oracle.dbtools.crest.swingui.logical.TVEntity" oid="4A8AB8F2-DC79-7FFE-D5CE-ADD551D59CA5" otype="Entity" vid="A3BF3241-F189-D340-71E0-C2E9AA2BBC27">
<hideElementsInCurrentOnly>false</hideElementsInCurrentOnly>
<bounds x="600" y="33" width="204" height="110"/>
</OView>
<OView class="oracle.dbtools.crest.swingui.logical.TVEntity" oid="CC1FB1B1-43C7-3A37-1843-D61F09FE968D" otype="Entity" vid="288EFF8C-4BD1-184C-A79A-2CB79FCEB7F8">
<hideElementsInCurrentOnly>false</hideElementsInCurrentOnly>
<bounds x="363" y="202" width="170" height="110"/>
</OView>
<OView class="oracle.dbtools.crest.swingui.logical.TVEntity" oid="CDBA9923-9B9B-D720-33DB-85513901B7F0" otype="Entity" vid="DADDEC90-9D09-E327-9190-16A3CFBF14C4">
<hideElementsInCurrentOnly>false</hideElementsInCurrentOnly>
<bounds x="866" y="222" width="244" height="110"/>
</OView>
<OView class="oracle.dbtools.crest.swingui.logical.TVEntity" oid="E8442C6A-59F3-C5AE-6F91-945D54F92099" otype="Entity" vid="46FCD7D8-F1BC-24C7-BB2E-A416ECA4BC51">
<hideElementsInCurrentOnly>false</hideElementsInCurrentOnly>
<bounds x="361" y="404" width="203" height="172"/>
</OView>
<OView class="oracle.dbtools.crest.swingui.logical.TVEntity" oid="F018F6EA-9689-0190-6E22-45E06D49E94B" otype="Entity" vid="B798002C-6C9A-1482-38B9-93A471E8578C">
<hideElementsInCurrentOnly>false</hideElementsInCurrentOnly>
<bounds x="858" y="434" width="214" height="121"/>
</OView>
<OView class="oracle.dbtools.crest.swingui.logical.TVEntity" oid="FBCD5B8B-3F71-ABB3-C965-202AED8F3A09" otype="Entity" vid="0B672BC3-A27E-E235-A9B1-C568C2432A8F">
<hideElementsInCurrentOnly>false</hideElementsInCurrentOnly>
<bounds x="879" y="35" width="199" height="112"/>
</OView>
</objectViews>
<connectors>
<Connector class="oracle.dbtools.crest.swingui.logical.TVRelation" oid="15E29F83-B2D3-2F7A-9DDE-8864ECA5A4C2" otype="Relation" vid_source="A3BF3241-F189-D340-71E0-C2E9AA2BBC27" vid_target="0B672BC3-A27E-E235-A9B1-C568C2432A8F">
<hideElementsInCurrentOnly>false</hideElementsInCurrentOnly>
<backgroundColor>-16777216</backgroundColor>
<lineWidth>1</lineWidth>
<points>
<point x="804" y="89"/>
<point x="879" y="89"/>
</points>
</Connector>
<Connector class="oracle.dbtools.crest.swingui.logical.TVRelation" oid="1C24DC69-4CD9-7E1F-DBD4-67C7923E4F93" otype="Relation" vid_source="D53249BD-EF1B-B435-C1C4-B3BE0E8F2095" vid_target="288EFF8C-4BD1-184C-A79A-2CB79FCEB7F8">
<hideElementsInCurrentOnly>false</hideElementsInCurrentOnly>
<backgroundColor>-16777216</backgroundColor>
<lineWidth>1</lineWidth>
<points>
<point x="250" y="209"/>
<point x="363" y="209"/>
</points>
</Connector>
<Connector class="oracle.dbtools.crest.swingui.logical.TVRelation" oid="20EA1F0E-6520-7731-EFD6-F2B32404B24D" otype="Relation" vid_source="4AE463D7-708B-9A97-586F-44912388E143" vid_target="46FCD7D8-F1BC-24C7-BB2E-A416ECA4BC51">
<hideElementsInCurrentOnly>false</hideElementsInCurrentOnly>
<backgroundColor>-16777216</backgroundColor>
<lineWidth>1</lineWidth>
<points>
<point x="255" y="506"/>
<point x="361" y="506"/>
</points>
</Connector>
<Connector class="oracle.dbtools.crest.swingui.logical.TVRelation" oid="23FC7BD5-6242-D54E-37AC-888ADD439DEA" otype="Relation" vid_source="DADDEC90-9D09-E327-9190-16A3CFBF14C4" vid_target="DADDEC90-9D09-E327-9190-16A3CFBF14C4">
<hideElementsInCurrentOnly>false</hideElementsInCurrentOnly>
<backgroundColor>-16777216</backgroundColor>
<lineWidth>1</lineWidth>
<points>
<point x="1085" y="289"/>
<point x="1085" y="286"/>
<point x="1085" y="357"/>
<point x="980" y="357"/>
<point x="980" y="332"/>
</points>
</Connector>
<Connector class="oracle.dbtools.crest.swingui.logical.TVRelation" oid="52EE5798-6E6B-8E55-0946-BEF502A46386" otype="Relation" vid_source="83D103B1-AD66-E936-E0A7-0D9FFC618623" vid_target="46FCD7D8-F1BC-24C7-BB2E-A416ECA4BC51">
<hideElementsInCurrentOnly>false</hideElementsInCurrentOnly>
<backgroundColor>-16777216</backgroundColor>
<lineWidth>1</lineWidth>
<points>
<point x="262" y="412"/>
<point x="361" y="412"/>
</points>
</Connector>
<Connector class="oracle.dbtools.crest.swingui.logical.TVRelation" oid="6B55E837-2848-8BAA-7F36-78B5D2F8DB79" otype="Relation" vid_source="DADDEC90-9D09-E327-9190-16A3CFBF14C4" vid_target="B798002C-6C9A-1482-38B9-93A471E8578C">
<hideElementsInCurrentOnly>false</hideElementsInCurrentOnly>
<backgroundColor>-16777216</backgroundColor>
<lineWidth>1</lineWidth>
<points>
<point x="969" y="332"/>
<point x="969" y="434"/>
</points>
</Connector>
<Connector class="oracle.dbtools.crest.swingui.logical.TVRelation" oid="7CB54916-7BB8-9CBD-02E9-E56F5C48FB39" otype="Relation" vid_source="D53249BD-EF1B-B435-C1C4-B3BE0E8F2095" vid_target="83D103B1-AD66-E936-E0A7-0D9FFC618623">
<hideElementsInCurrentOnly>false</hideElementsInCurrentOnly>
<backgroundColor>-16777216</backgroundColor>
<lineWidth>1</lineWidth>
<points>
<point x="166" y="217"/>
<point x="166" y="311"/>
</points>
</Connector>
<Connector class="oracle.dbtools.crest.swingui.logical.TVRelation" oid="9DD18895-763C-B63C-CE06-408ACC6B4341" otype="Relation" vid_source="288EFF8C-4BD1-184C-A79A-2CB79FCEB7F8" vid_target="46FCD7D8-F1BC-24C7-BB2E-A416ECA4BC51">
<hideElementsInCurrentOnly>false</hideElementsInCurrentOnly>
<backgroundColor>-16777216</backgroundColor>
<lineWidth>1</lineWidth>
<points>
<point x="448" y="312"/>
<point x="448" y="404"/>
</points>
</Connector>
<Connector class="oracle.dbtools.crest.swingui.logical.TVRelation" oid="9FA83584-A8BB-D63A-6A91-1D2FF5AF3970" otype="Relation" vid_source="46FCD7D8-F1BC-24C7-BB2E-A416ECA4BC51" vid_target="EC079F8C-33C0-9D18-8A82-47BAC40EE696">
<hideElementsInCurrentOnly>false</hideElementsInCurrentOnly>
<backgroundColor>-16777216</backgroundColor>
<lineWidth>1</lineWidth>
<points>
<point x="542" y="404"/>
<point x="635" y="304"/>
</points>
</Connector>
<Connector class="oracle.dbtools.crest.swingui.logical.TVRelation" oid="BFED1BA0-7B69-654D-8945-69F76F2BF56D" otype="Relation" vid_source="EC079F8C-33C0-9D18-8A82-47BAC40EE696" vid_target="DADDEC90-9D09-E327-9190-16A3CFBF14C4">
<hideElementsInCurrentOnly>false</hideElementsInCurrentOnly>
<backgroundColor>-16777216</backgroundColor>
<lineWidth>1</lineWidth>
<points>
<point x="772" y="263"/>
<point x="866" y="263"/>
</points>
</Connector>
<Connector class="oracle.dbtools.crest.swingui.logical.TVRelation" oid="C632768E-EFD8-7919-7E5E-07380E4D73F7" otype="Relation" vid_source="46FCD7D8-F1BC-24C7-BB2E-A416ECA4BC51" vid_target="B798002C-6C9A-1482-38B9-93A471E8578C">
<hideElementsInCurrentOnly>false</hideElementsInCurrentOnly>
<backgroundColor>-16777216</backgroundColor>
<lineWidth>1</lineWidth>
<points>
<point x="564" y="494"/>
<point x="858" y="494"/>
</points>
</Connector>
<Connector class="oracle.dbtools.crest.swingui.logical.TVRelation" oid="EBE0C6A7-E166-38FF-563D-9CFEEFB41970" otype="Relation" vid_source="A3BF3241-F189-D340-71E0-C2E9AA2BBC27" vid_target="EC079F8C-33C0-9D18-8A82-47BAC40EE696">
<hideElementsInCurrentOnly>false</hideElementsInCurrentOnly>
<backgroundColor>-16777216</backgroundColor>
<lineWidth>1</lineWidth>
<points>
<point x="687" y="143"/>
<point x="687" y="194"/>
</points>
</Connector>
</connectors>
</Diagram>