<?xml version = '1.0' encoding = 'UTF-8'?>
<Entity class="oracle.dbtools.crest.model.design.logical.Entity" directorySegmentName="seg_0" id="05B8C151-3B37-AB6E-F8CE-0E06D651AE63" name="user_groups">
<createdBy>wojci</createdBy>
<createdTime>2023-01-01 13:13:44 UTC</createdTime>
<ownerDesignName>design</ownerDesignName>
<engineerTo>
<item key="BA3ABB86-0D89-2DF1-9643-BB17D03443A8" value="true"/>
</engineerTo>
<adequatelyNormalized>NO</adequatelyNormalized>
<expectedVolumes>0</expectedVolumes>
<fwdEngineeringStrategyName>Single Table</fwdEngineeringStrategyName>
<growthPercent>0</growthPercent>
<growthType>Year</growthType>
<maxVolumes>9999999</maxVolumes>
<minVolumes>0</minVolumes>
<normalForm>Third</normalForm>
<attributes itemClass="oracle.dbtools.crest.model.design.logical.Attribute">
<Attribute name="login" id="E328618C-6AB6-C0EA-7A93-63839479B477">
<createdBy>wojci</createdBy>
<createdTime>2023-01-01 13:14:30 UTC</createdTime>
<generatorID>EBE0C6A7-E166-38FF-563D-9CFEEFB41970</generatorID>
<ownerDesignName>design</ownerDesignName>
<engineerTo>
<item key="BA3ABB86-0D89-2DF1-9643-BB17D03443A8" value="true"/>
</engineerTo>
<referedAttribute>C41AEE8D-BF95-E164-5AA7-53B6BA879F8F</referedAttribute>
<useDomainConstraints>false</useDomainConstraints>
<use>1</use>
<logicalDatatype>LOGDT024</logicalDatatype>
<dataTypeSize>32</dataTypeSize>
<ownDataTypeParameters>,,</ownDataTypeParameters>
</Attribute>
<Attribute name="ug_id" id="B9023150-05D4-B9FE-9D21-96F6D609F314">
<createdBy>wojci</createdBy>
<createdTime>2023-01-01 13:15:28 UTC</createdTime>
<ownerDesignName>design</ownerDesignName>
<engineerTo>
<item key="BA3ABB86-0D89-2DF1-9643-BB17D03443A8" value="true"/>
</engineerTo>
<useDomainConstraints>false</useDomainConstraints>
<use>1</use>
<logicalDatatype>LOGDT019</logicalDatatype>
<dataTypePrecision>6</dataTypePrecision>
<ownDataTypeParameters>,6,</ownDataTypeParameters>
</Attribute>
<Attribute name="group_id" id="12E39CB5-8166-13F9-A94F-2AC11E62CC37">
<createdBy>wojci</createdBy>
<createdTime>2023-01-01 19:04:14 UTC</createdTime>
<generatorID>9FA83584-A8BB-D63A-6A91-1D2FF5AF3970</generatorID>
<ownerDesignName>design</ownerDesignName>
<engineerTo>
<item key="BA3ABB86-0D89-2DF1-9643-BB17D03443A8" value="true"/>
</engineerTo>
<nullsAllowed>true</nullsAllowed>
<referedAttribute>0F876102-AABD-8012-F881-8B20A4705BA9</referedAttribute>
<useDomainConstraints>false</useDomainConstraints>
<use>1</use>
<logicalDatatype>LOGDT019</logicalDatatype>
<dataTypePrecision>4</dataTypePrecision>
<ownDataTypeParameters>,,</ownDataTypeParameters>
</Attribute>
</attributes>
<identifiers itemClass="oracle.dbtools.crest.model.design.logical.CandidateKey">
<identifier id="3BBC7862-FB57-BCAA-2505-C0AC39C9F618" name="user_groups PK">
<createdBy>wojci</createdBy>
<createdTime>2023-01-01 13:15:43 UTC</createdTime>
<ownerDesignName>design</ownerDesignName>
<engineerTo>
<item key="BA3ABB86-0D89-2DF1-9643-BB17D03443A8" value="true"/>
</engineerTo>
<pk>true</pk>
<usedAttributes>
<attributeRef>B9023150-05D4-B9FE-9D21-96F6D609F314</attributeRef>
</usedAttributes>
</identifier>
</identifiers>
</Entity>