<?xml version = '1.0' encoding = 'UTF-8'?>
<Entity class="oracle.dbtools.crest.model.design.logical.Entity" directorySegmentName="seg_0" id="CDBA9923-9B9B-D720-33DB-85513901B7F0" name="exchanges_sell">
<createdBy>wojci</createdBy>
<createdTime>2023-01-01 13:18:20 UTC</createdTime>
<ownerDesignName>design</ownerDesignName>
<engineerTo>
<item key="BA3ABB86-0D89-2DF1-9643-BB17D03443A8" value="true"/>
</engineerTo>
<adequatelyNormalized>NO</adequatelyNormalized>
<expectedVolumes>0</expectedVolumes>
<fwdEngineeringStrategyName>Single Table</fwdEngineeringStrategyName>
<growthPercent>0</growthPercent>
<growthType>Year</growthType>
<maxVolumes>9999999</maxVolumes>
<minVolumes>0</minVolumes>
<normalForm>Third</normalForm>
<attributes itemClass="oracle.dbtools.crest.model.design.logical.Attribute">
<Attribute name="exchange_sell_id" id="86FC31C1-798B-2892-B068-5CC79ABE446C">
<createdBy>wojci</createdBy>
<createdTime>2023-01-01 13:18:31 UTC</createdTime>
<ownerDesignName>design</ownerDesignName>
<engineerTo>
<item key="BA3ABB86-0D89-2DF1-9643-BB17D03443A8" value="true"/>
</engineerTo>
<useDomainConstraints>false</useDomainConstraints>
<use>1</use>
<logicalDatatype>LOGDT019</logicalDatatype>
<dataTypePrecision>9</dataTypePrecision>
<ownDataTypeParameters>,9,</ownDataTypeParameters>
</Attribute>
<Attribute name="ug_id" id="E67C8D9E-5EF8-4B87-0BF0-B390D627F4C1">
<createdBy>wojci</createdBy>
<createdTime>2023-01-01 13:19:40 UTC</createdTime>
<generatorID>BFED1BA0-7B69-654D-8945-69F76F2BF56D</generatorID>
<ownerDesignName>design</ownerDesignName>
<engineerTo>
<item key="BA3ABB86-0D89-2DF1-9643-BB17D03443A8" value="true"/>
</engineerTo>
<referedAttribute>B9023150-05D4-B9FE-9D21-96F6D609F314</referedAttribute>
<useDomainConstraints>false</useDomainConstraints>
<use>1</use>
<logicalDatatype>LOGDT019</logicalDatatype>
<dataTypePrecision>6</dataTypePrecision>
<ownDataTypeParameters>,,</ownDataTypeParameters>
</Attribute>
<Attribute name="insertion_date" id="6F7369C8-9E80-7123-54D2-1A17A9563153">
<createdBy>wojci</createdBy>
<createdTime>2023-01-01 22:42:37 UTC</createdTime>
<ownerDesignName>design</ownerDesignName>
<engineerTo>
<item key="BA3ABB86-0D89-2DF1-9643-BB17D03443A8" value="true"/>
</engineerTo>
<useDomainConstraints>false</useDomainConstraints>
<use>1</use>
<logicalDatatype>LOGDT007</logicalDatatype>
<ownDataTypeParameters>,,</ownDataTypeParameters>
</Attribute>
<Attribute name="completing_exchange_id" id="AFC90E2A-E65C-B875-92E1-F2BB8E79F2ED">
<createdBy>wojci</createdBy>
<createdTime>2023-01-04 16:04:33 UTC</createdTime>
<generatorID>23FC7BD5-6242-D54E-37AC-888ADD439DEA</generatorID>
<ownerDesignName>design</ownerDesignName>
<engineerTo>
<item key="BA3ABB86-0D89-2DF1-9643-BB17D03443A8" value="true"/>
</engineerTo>
<nullsAllowed>true</nullsAllowed>
<referedAttribute>86FC31C1-798B-2892-B068-5CC79ABE446C</referedAttribute>
<useDomainConstraints>false</useDomainConstraints>
<use>1</use>
<logicalDatatype>LOGDT019</logicalDatatype>
<dataTypePrecision>9</dataTypePrecision>
<defaultValue>null</defaultValue>
<ownDataTypeParameters>,,</ownDataTypeParameters>
</Attribute>
</attributes>
<identifiers itemClass="oracle.dbtools.crest.model.design.logical.CandidateKey">
<identifier id="66CD7F4E-8A17-C569-FA45-C50D12D1DA23" name="exchange_sell PK">
<createdBy>wojci</createdBy>
<createdTime>2023-01-01 13:18:48 UTC</createdTime>
<ownerDesignName>design</ownerDesignName>
<engineerTo>
<item key="BA3ABB86-0D89-2DF1-9643-BB17D03443A8" value="true"/>
</engineerTo>
<pk>true</pk>
<usedAttributes>
<attributeRef>86FC31C1-798B-2892-B068-5CC79ABE446C</attributeRef>
</usedAttributes>
</identifier>
</identifiers>
</Entity>