<?xml version = '1.0' encoding = 'UTF-8'?>
<Entity class="oracle.dbtools.crest.model.design.logical.Entity" directorySegmentName="seg_0" id="E8442C6A-59F3-C5AE-6F91-945D54F92099" name="groups">
<createdBy>wojci</createdBy>
<createdTime>2023-01-01 13:08:58 UTC</createdTime>
<ownerDesignName>design</ownerDesignName>
<engineerTo>
<item key="BA3ABB86-0D89-2DF1-9643-BB17D03443A8" value="true"/>
</engineerTo>
<adequatelyNormalized>NO</adequatelyNormalized>
<expectedVolumes>0</expectedVolumes>
<fwdEngineeringStrategyName>Single Table</fwdEngineeringStrategyName>
<growthPercent>0</growthPercent>
<growthType>Year</growthType>
<maxVolumes>9999999</maxVolumes>
<minVolumes>0</minVolumes>
<normalForm>Third</normalForm>
<attributes itemClass="oracle.dbtools.crest.model.design.logical.Attribute">
<Attribute name="time_start" id="50EB61F1-DFF4-4632-F4EE-7699EA3BF55E">
<createdBy>wojci</createdBy>
<createdTime>2023-01-01 13:09:31 UTC</createdTime>
<ownerDesignName>design</ownerDesignName>
<engineerTo>
<item key="BA3ABB86-0D89-2DF1-9643-BB17D03443A8" value="true"/>
</engineerTo>
<useDomainConstraints>false</useDomainConstraints>
<use>1</use>
<logicalDatatype>LOGDT019</logicalDatatype>
<dataTypePrecision>4</dataTypePrecision>
<ownDataTypeParameters>,4,</ownDataTypeParameters>
</Attribute>
<Attribute name="time_end" id="702541AE-B4A8-2BC3-E0B7-DDD6A62C6712">
<createdBy>wojci</createdBy>
<createdTime>2023-01-01 13:10:00 UTC</createdTime>
<ownerDesignName>design</ownerDesignName>
<engineerTo>
<item key="BA3ABB86-0D89-2DF1-9643-BB17D03443A8" value="true"/>
</engineerTo>
<useDomainConstraints>false</useDomainConstraints>
<use>1</use>
<logicalDatatype>LOGDT019</logicalDatatype>
<dataTypePrecision>4</dataTypePrecision>
<ownDataTypeParameters>,4,</ownDataTypeParameters>
</Attribute>
<Attribute name="day" id="90BACE7A-136C-F93D-D21E-59910DF2F67B">
<createdBy>wojci</createdBy>
<createdTime>2023-01-01 13:10:16 UTC</createdTime>
<ownerDesignName>design</ownerDesignName>
<engineerTo>
<item key="BA3ABB86-0D89-2DF1-9643-BB17D03443A8" value="true"/>
</engineerTo>
<useDomainConstraints>false</useDomainConstraints>
<use>1</use>
<logicalDatatype>LOGDT019</logicalDatatype>
<dataTypePrecision>1</dataTypePrecision>
<ownDataTypeParameters>,1,</ownDataTypeParameters>
</Attribute>
<Attribute name="classroom_id" id="A97D2E07-ADE2-BD4D-01D1-9BFBB0D4CD52">
<createdBy>wojci</createdBy>
<createdTime>2023-01-01 13:12:10 UTC</createdTime>
<generatorID>52EE5798-6E6B-8E55-0946-BEF502A46386</generatorID>
<ownerDesignName>design</ownerDesignName>
<engineerTo>
<item key="BA3ABB86-0D89-2DF1-9643-BB17D03443A8" value="true"/>
</engineerTo>
<referedAttribute>BB2CD057-CA37-1274-B8AC-37D6DB91DCD8</referedAttribute>
<useDomainConstraints>false</useDomainConstraints>
<use>1</use>
<logicalDatatype>LOGDT019</logicalDatatype>
<dataTypePrecision>5</dataTypePrecision>
<ownDataTypeParameters>,,</ownDataTypeParameters>
</Attribute>
<Attribute name="lecturer_id" id="4416DC14-283B-7235-6C8A-ABC4526FAE05">
<createdBy>wojci</createdBy>
<createdTime>2023-01-01 13:12:46 UTC</createdTime>
<generatorID>20EA1F0E-6520-7731-EFD6-F2B32404B24D</generatorID>
<ownerDesignName>design</ownerDesignName>
<engineerTo>
<item key="BA3ABB86-0D89-2DF1-9643-BB17D03443A8" value="true"/>
</engineerTo>
<referedAttribute>862CDDDC-DB56-0F83-D48B-C8D96F74303A</referedAttribute>
<useDomainConstraints>false</useDomainConstraints>
<use>1</use>
<logicalDatatype>LOGDT019</logicalDatatype>
<dataTypePrecision>5</dataTypePrecision>
<ownDataTypeParameters>,,</ownDataTypeParameters>
</Attribute>
<Attribute name="course_id" id="06982949-2E31-CC3A-20D0-864687B7CCC9">
<createdBy>wojci</createdBy>
<createdTime>2023-01-01 16:29:13 UTC</createdTime>
<generatorID>9DD18895-763C-B63C-CE06-408ACC6B4341</generatorID>
<ownerDesignName>design</ownerDesignName>
<engineerTo>
<item key="BA3ABB86-0D89-2DF1-9643-BB17D03443A8" value="true"/>
</engineerTo>
<referedAttribute>E8160090-64EE-5C97-851A-23CA349E3AFC</referedAttribute>
<useDomainConstraints>false</useDomainConstraints>
<use>1</use>
<logicalDatatype>LOGDT019</logicalDatatype>
<dataTypePrecision>4</dataTypePrecision>
<ownDataTypeParameters>,4,</ownDataTypeParameters>
</Attribute>
<Attribute name="group_nr" id="810A8559-6DBE-A059-79CC-A34F9042B679">
<createdBy>wojci</createdBy>
<createdTime>2023-01-01 18:53:50 UTC</createdTime>
<ownerDesignName>design</ownerDesignName>
<engineerTo>
<item key="BA3ABB86-0D89-2DF1-9643-BB17D03443A8" value="true"/>
</engineerTo>
<useDomainConstraints>false</useDomainConstraints>
<use>1</use>
<logicalDatatype>LOGDT019</logicalDatatype>
<dataTypePrecision>3</dataTypePrecision>
<ownDataTypeParameters>,3,</ownDataTypeParameters>
</Attribute>
<Attribute name="group_id" id="0F876102-AABD-8012-F881-8B20A4705BA9">
<createdBy>wojci</createdBy>
<createdTime>2023-01-01 19:04:01 UTC</createdTime>
<ownerDesignName>design</ownerDesignName>
<engineerTo>
<item key="BA3ABB86-0D89-2DF1-9643-BB17D03443A8" value="true"/>
</engineerTo>
<useDomainConstraints>false</useDomainConstraints>
<use>1</use>
<logicalDatatype>LOGDT019</logicalDatatype>
<dataTypePrecision>4</dataTypePrecision>
<ownDataTypeParameters>,4,</ownDataTypeParameters>
</Attribute>
</attributes>
<identifiers itemClass="oracle.dbtools.crest.model.design.logical.CandidateKey">
<identifier id="148F4032-BB16-3719-D71D-259E6BB635BE" name="groups PK">
<createdBy>wojci</createdBy>
<createdTime>2023-01-01 13:09:29 UTC</createdTime>
<ownerDesignName>design</ownerDesignName>
<engineerTo>
<item key="BA3ABB86-0D89-2DF1-9643-BB17D03443A8" value="true"/>
</engineerTo>
<pk>true</pk>
<usedAttributes>
<attributeRef>0F876102-AABD-8012-F881-8B20A4705BA9</attributeRef>
</usedAttributes>
</identifier>
</identifiers>
</Entity>