<?xml version = '1.0' encoding = 'UTF-8'?>
<Entity class="oracle.dbtools.crest.model.design.logical.Entity" directorySegmentName="seg_0" id="F018F6EA-9689-0190-6E22-45E06D49E94B" name="exchanges_buy">
<createdBy>wojci</createdBy>
<createdTime>2023-01-01 13:57:00 UTC</createdTime>
<ownerDesignName>design</ownerDesignName>
<engineerTo>
<item key="BA3ABB86-0D89-2DF1-9643-BB17D03443A8" value="true"/>
</engineerTo>
<adequatelyNormalized>NO</adequatelyNormalized>
<expectedVolumes>0</expectedVolumes>
<fwdEngineeringStrategyName>Single Table</fwdEngineeringStrategyName>
<growthPercent>0</growthPercent>
<growthType>Year</growthType>
<maxVolumes>9999999</maxVolumes>
<minVolumes>0</minVolumes>
<normalForm>Third</normalForm>
<attributes itemClass="oracle.dbtools.crest.model.design.logical.Attribute">
<Attribute name="exchange_buy_id" id="9DE9AB6F-621F-CCA6-9D39-E0906210BF6E">
<createdBy>wojci</createdBy>
<createdTime>2023-01-01 13:57:32 UTC</createdTime>
<ownerDesignName>design</ownerDesignName>
<engineerTo>
<item key="BA3ABB86-0D89-2DF1-9643-BB17D03443A8" value="true"/>
</engineerTo>
<useDomainConstraints>false</useDomainConstraints>
<use>1</use>
<logicalDatatype>LOGDT019</logicalDatatype>
<dataTypePrecision>10</dataTypePrecision>
<ownDataTypeParameters>,10,</ownDataTypeParameters>
</Attribute>
<Attribute name="exchange_sell_id" id="5F4B9F25-DE06-0AE5-87F3-C93B99C3D966">
<createdBy>wojci</createdBy>
<createdTime>2023-01-01 13:58:21 UTC</createdTime>
<generatorID>6B55E837-2848-8BAA-7F36-78B5D2F8DB79</generatorID>
<ownerDesignName>design</ownerDesignName>
<engineerTo>
<item key="BA3ABB86-0D89-2DF1-9643-BB17D03443A8" value="true"/>
</engineerTo>
<referedAttribute>86FC31C1-798B-2892-B068-5CC79ABE446C</referedAttribute>
<useDomainConstraints>false</useDomainConstraints>
<use>1</use>
<logicalDatatype>LOGDT019</logicalDatatype>
<dataTypePrecision>9</dataTypePrecision>
<ownDataTypeParameters>,,</ownDataTypeParameters>
</Attribute>
<Attribute name="group_id" id="DE1E19F1-2610-70D5-F044-D6AE317AB8AC">
<createdBy>wojci</createdBy>
<createdTime>2023-01-01 19:04:14 UTC</createdTime>
<generatorID>C632768E-EFD8-7919-7E5E-07380E4D73F7</generatorID>
<ownerDesignName>design</ownerDesignName>
<engineerTo>
<item key="BA3ABB86-0D89-2DF1-9643-BB17D03443A8" value="true"/>
</engineerTo>
<referedAttribute>0F876102-AABD-8012-F881-8B20A4705BA9</referedAttribute>
<useDomainConstraints>false</useDomainConstraints>
<use>1</use>
<logicalDatatype>LOGDT019</logicalDatatype>
<dataTypePrecision>4</dataTypePrecision>
<ownDataTypeParameters>,,</ownDataTypeParameters>
</Attribute>
<Attribute name="complete" id="52121F9E-00F2-0D4B-9E36-27B2A58A7252">
<createdBy>wojci</createdBy>
<createdTime>2023-01-04 16:06:13 UTC</createdTime>
<ownerDesignName>design</ownerDesignName>
<engineerTo>
<item key="BA3ABB86-0D89-2DF1-9643-BB17D03443A8" value="true"/>
</engineerTo>
<useDomainConstraints>false</useDomainConstraints>
<use>1</use>
<logicalDatatype>LOGDT006</logicalDatatype>
<dataTypeSize>1</dataTypeSize>
<defaultValue>0</defaultValue>
<ownDataTypeParameters>1,,</ownDataTypeParameters>
</Attribute>
</attributes>
<identifiers itemClass="oracle.dbtools.crest.model.design.logical.CandidateKey">
<identifier id="71AA5C54-D8F3-7822-638A-265BB944FEBB" name="exchanges_buy PK">
<createdBy>wojci</createdBy>
<createdTime>2023-01-01 13:57:49 UTC</createdTime>
<ownerDesignName>design</ownerDesignName>
<engineerTo>
<item key="BA3ABB86-0D89-2DF1-9643-BB17D03443A8" value="true"/>
</engineerTo>
<pk>true</pk>
<usedAttributes>
<attributeRef>9DE9AB6F-621F-CCA6-9D39-E0906210BF6E</attributeRef>
</usedAttributes>
</identifier>
</identifiers>
</Entity>