<?xml version = '1.0' encoding = 'UTF-8'?>
<Entity class="oracle.dbtools.crest.model.design.logical.Entity" directorySegmentName="seg_0" id="FBCD5B8B-3F71-ABB3-C965-202AED8F3A09" name="sessions">
<createdBy>wojci</createdBy>
<createdTime>2023-01-01 12:55:07 UTC</createdTime>
<ownerDesignName>design</ownerDesignName>
<engineerTo>
<item key="BA3ABB86-0D89-2DF1-9643-BB17D03443A8" value="true"/>
</engineerTo>
<adequatelyNormalized>NO</adequatelyNormalized>
<expectedVolumes>0</expectedVolumes>
<fwdEngineeringStrategyName>Single Table</fwdEngineeringStrategyName>
<growthPercent>0</growthPercent>
<growthType>Year</growthType>
<maxVolumes>9999999</maxVolumes>
<minVolumes>0</minVolumes>
<normalForm>Third</normalForm>
<attributes itemClass="oracle.dbtools.crest.model.design.logical.Attribute">
<Attribute name="token" id="56DE4219-D7C2-E70D-ECBF-6E7789DD930A">
<createdBy>wojci</createdBy>
<createdTime>2023-01-01 12:55:23 UTC</createdTime>
<ownerDesignName>design</ownerDesignName>
<engineerTo>
<item key="BA3ABB86-0D89-2DF1-9643-BB17D03443A8" value="true"/>
</engineerTo>
<useDomainConstraints>false</useDomainConstraints>
<use>1</use>
<logicalDatatype>LOGDT024</logicalDatatype>
<dataTypeSize>40</dataTypeSize>
<ownDataTypeParameters>40,,</ownDataTypeParameters>
</Attribute>
<Attribute name="expiration_time" id="B432FAB5-51D7-CBFD-4513-93552A865174">
<createdBy>wojci</createdBy>
<createdTime>2023-01-01 12:56:32 UTC</createdTime>
<ownerDesignName>design</ownerDesignName>
<engineerTo>
<item key="BA3ABB86-0D89-2DF1-9643-BB17D03443A8" value="true"/>
</engineerTo>
<useDomainConstraints>false</useDomainConstraints>
<use>1</use>
<logicalDatatype>LOGDT007</logicalDatatype>
<ownDataTypeParameters>,,</ownDataTypeParameters>
</Attribute>
<Attribute name="login" id="E818B246-9697-3430-FF31-923094AC8594">
<createdBy>wojci</createdBy>
<createdTime>2023-01-01 13:01:04 UTC</createdTime>
<generatorID>15E29F83-B2D3-2F7A-9DDE-8864ECA5A4C2</generatorID>
<ownerDesignName>design</ownerDesignName>
<engineerTo>
<item key="BA3ABB86-0D89-2DF1-9643-BB17D03443A8" value="true"/>
</engineerTo>
<referedAttribute>C41AEE8D-BF95-E164-5AA7-53B6BA879F8F</referedAttribute>
<useDomainConstraints>false</useDomainConstraints>
<use>1</use>
<logicalDatatype>LOGDT024</logicalDatatype>
<dataTypeSize>32</dataTypeSize>
<ownDataTypeParameters>,,</ownDataTypeParameters>
</Attribute>
<Attribute name="session_id" id="CC9D0AED-0E56-83C7-B3AD-F6C5EE54A338">
<createdBy>wojci</createdBy>
<createdTime>2023-01-01 15:55:54 UTC</createdTime>
<ownerDesignName>design</ownerDesignName>
<engineerTo>
<item key="BA3ABB86-0D89-2DF1-9643-BB17D03443A8" value="true"/>
</engineerTo>
<useDomainConstraints>false</useDomainConstraints>
<use>1</use>
<logicalDatatype>LOGDT019</logicalDatatype>
<dataTypePrecision>8</dataTypePrecision>
<ownDataTypeParameters>,8,</ownDataTypeParameters>
</Attribute>
</attributes>
<identifiers itemClass="oracle.dbtools.crest.model.design.logical.CandidateKey">
<identifier id="5BA31BEB-033D-6764-139A-40564490DFE9" name="sessions PK">
<createdBy>wojci</createdBy>
<createdTime>2023-01-01 12:55:41 UTC</createdTime>
<ownerDesignName>design</ownerDesignName>
<engineerTo>
<item key="BA3ABB86-0D89-2DF1-9643-BB17D03443A8" value="true"/>
</engineerTo>
<pk>true</pk>
<usedAttributes>
<attributeRef>CC9D0AED-0E56-83C7-B3AD-F6C5EE54A338</attributeRef>
</usedAttributes>
</identifier>
</identifiers>
</Entity>