<?xml version = '1.0' encoding = 'UTF-8'?>
<FKIndexAssociation class="oracle.dbtools.crest.model.design.relational.FKIndexAssociation" directorySegmentName="seg_0" id="31220BD6-57D7-0599-E1BF-BE84C2914C8B" containerWithKeyObject="C2A560A6-59A0-904B-AF74-16F014212485" localFKIndex="132BD947-C3DA-4E21-0515-866ABDFA28BD" name="groups_classrooms_FK">
<createdBy>wojci</createdBy>
<createdTime>2023-01-04 16:47:21 UTC</createdTime>
<generatorID>52EE5798-6E6B-8E55-0946-BEF502A46386</generatorID>
<ownerDesignName>design</ownerDesignName>
<referredTableLongName>classrooms</referredTableLongName>
<deleteRule>NO ACTION</deleteRule>
<referredTableID>EE7B8815-9821-0538-BE91-5EF42FA89078</referredTableID>
<keyObject>9FC92FB4-3711-02E6-98F1-4576D1B6C417</keyObject>
<referredKeyID>9FC92FB4-3711-02E6-98F1-4576D1B6C417</referredKeyID>
<mandatory>true</mandatory>
<refColNames>classroom_id</refColNames>
<transferable>true</transferable>
<rely>false</rely>
<columnDependencyConstraintGenerateInDDL>true</columnDependencyConstraintGenerateInDDL>
</FKIndexAssociation>