<?xml version = '1.0' encoding = 'UTF-8'?>
<FKIndexAssociation class="oracle.dbtools.crest.model.design.relational.FKIndexAssociation" directorySegmentName="seg_0" id="43D77457-1181-9DCE-6C24-A8CF499B050F" containerWithKeyObject="0499ED38-2DD6-49D5-B542-E166BB2FAC1A" localFKIndex="737FA1DC-F626-CC23-69F4-50D87B1B0CA4" name="sessions_users_FK">
<createdBy>wojci</createdBy>
<createdTime>2023-01-04 16:47:21 UTC</createdTime>
<generatorID>15E29F83-B2D3-2F7A-9DDE-8864ECA5A4C2</generatorID>
<ownerDesignName>design</ownerDesignName>
<referredTableLongName>users</referredTableLongName>
<deleteRule>NO ACTION</deleteRule>
<referredTableID>629405C7-2160-CEE8-F7FF-14287A99FC91</referredTableID>
<keyObject>0A1A787A-C42C-06D4-9B6F-512FE49CE753</keyObject>
<referredKeyID>0A1A787A-C42C-06D4-9B6F-512FE49CE753</referredKeyID>
<mandatory>true</mandatory>
<refColNames>login</refColNames>
<transferable>true</transferable>
<rely>false</rely>
<columnDependencyConstraintGenerateInDDL>true</columnDependencyConstraintGenerateInDDL>
</FKIndexAssociation>