<?xml version = '1.0' encoding = 'UTF-8'?>
<FKIndexAssociation class="oracle.dbtools.crest.model.design.relational.FKIndexAssociation" directorySegmentName="seg_0" id="4E6369B0-3DF8-4A6D-963E-3D62435868BE" containerWithKeyObject="399B33BA-192E-7F6F-B83F-72044E46A64D" localFKIndex="C22B4028-FE99-F5B3-710E-6793454804B4" name="exchanges_sell_exchanges_sell_FK">
<createdBy>wojci</createdBy>
<createdTime>2023-01-04 16:47:21 UTC</createdTime>
<generatorID>23FC7BD5-6242-D54E-37AC-888ADD439DEA</generatorID>
<ownerDesignName>design</ownerDesignName>
<referredTableLongName>exchanges_sell</referredTableLongName>
<deleteRule>NO ACTION</deleteRule>
<referredTableID>399B33BA-192E-7F6F-B83F-72044E46A64D</referredTableID>
<keyObject>000B574D-8020-42C6-8BF2-844DB7E2E3BE</keyObject>
<referredKeyID>000B574D-8020-42C6-8BF2-844DB7E2E3BE</referredKeyID>
<mandatory>false</mandatory>
<refColNames>exchange_sell_id</refColNames>
<transferable>true</transferable>
<rely>false</rely>
<columnDependencyConstraintGenerateInDDL>true</columnDependencyConstraintGenerateInDDL>
</FKIndexAssociation>