<?xml version = '1.0' encoding = 'UTF-8'?>
<FKIndexAssociation class="oracle.dbtools.crest.model.design.relational.FKIndexAssociation" directorySegmentName="seg_0" id="5FA5D899-F926-4ED7-3438-95B35AEF622F" containerWithKeyObject="EE7B8815-9821-0538-BE91-5EF42FA89078" localFKIndex="1E2A193D-6DD9-1B6F-D1F3-ADB23E98DD02" name="classrooms_faculties_FK">
<createdBy>wojci</createdBy>
<createdTime>2023-01-04 16:47:21 UTC</createdTime>
<generatorID>7CB54916-7BB8-9CBD-02E9-E56F5C48FB39</generatorID>
<ownerDesignName>design</ownerDesignName>
<referredTableLongName>faculties</referredTableLongName>
<deleteRule>NO ACTION</deleteRule>
<referredTableID>0B46706D-B443-EFD1-5ACF-749932739529</referredTableID>
<keyObject>5320E797-4B55-2C7D-0142-A2661C2EC90B</keyObject>
<referredKeyID>5320E797-4B55-2C7D-0142-A2661C2EC90B</referredKeyID>
<mandatory>true</mandatory>
<refColNames>faculty_id</refColNames>
<transferable>true</transferable>
<rely>false</rely>
<columnDependencyConstraintGenerateInDDL>true</columnDependencyConstraintGenerateInDDL>
</FKIndexAssociation>