<?xml version = '1.0' encoding = 'UTF-8'?>
<FKIndexAssociation class="oracle.dbtools.crest.model.design.relational.FKIndexAssociation" directorySegmentName="seg_0" id="605F6F77-4B67-D74C-804E-9FFF19E7B47A" containerWithKeyObject="A37BA93C-DA26-116D-D29F-7DBD5838FC47" localFKIndex="8661A270-AA50-8295-02F3-900F625CF969" name="exchanges_buy_exchanges_sell_FK">
<createdBy>wojci</createdBy>
<createdTime>2023-01-04 16:47:21 UTC</createdTime>
<generatorID>6B55E837-2848-8BAA-7F36-78B5D2F8DB79</generatorID>
<ownerDesignName>design</ownerDesignName>
<referredTableLongName>exchanges_sell</referredTableLongName>
<deleteRule>NO ACTION</deleteRule>
<referredTableID>399B33BA-192E-7F6F-B83F-72044E46A64D</referredTableID>
<keyObject>000B574D-8020-42C6-8BF2-844DB7E2E3BE</keyObject>
<referredKeyID>000B574D-8020-42C6-8BF2-844DB7E2E3BE</referredKeyID>
<mandatory>true</mandatory>
<refColNames>exchange_sell_id</refColNames>
<transferable>true</transferable>
<rely>false</rely>
<columnDependencyConstraintGenerateInDDL>true</columnDependencyConstraintGenerateInDDL>
</FKIndexAssociation>