<?xml version = '1.0' encoding = 'UTF-8'?>
<FKIndexAssociation class="oracle.dbtools.crest.model.design.relational.FKIndexAssociation" directorySegmentName="seg_0" id="6B88DC11-1600-6F30-B3D9-52B73C8B21F1" containerWithKeyObject="C2A560A6-59A0-904B-AF74-16F014212485" localFKIndex="0CAF532F-198A-475B-6AAB-EB7EB51B84FD" name="groups_lecturers_FK">
<createdBy>wojci</createdBy>
<createdTime>2023-01-04 16:47:21 UTC</createdTime>
<generatorID>20EA1F0E-6520-7731-EFD6-F2B32404B24D</generatorID>
<ownerDesignName>design</ownerDesignName>
<referredTableLongName>lecturers</referredTableLongName>
<deleteRule>NO ACTION</deleteRule>
<referredTableID>06C7B0BC-749B-A137-51EC-49B038B76CDA</referredTableID>
<keyObject>80AF5294-258E-ABAD-E4B0-78D67914DD60</keyObject>
<referredKeyID>80AF5294-258E-ABAD-E4B0-78D67914DD60</referredKeyID>
<mandatory>true</mandatory>
<refColNames>lecturer_id</refColNames>
<transferable>true</transferable>
<rely>false</rely>
<columnDependencyConstraintGenerateInDDL>true</columnDependencyConstraintGenerateInDDL>
</FKIndexAssociation>