<?xml version = '1.0' encoding = 'UTF-8'?>
<FKIndexAssociation class="oracle.dbtools.crest.model.design.relational.FKIndexAssociation" directorySegmentName="seg_0" id="73BAA3E1-609A-2C02-C01A-899AEC22B26F" containerWithKeyObject="A37BA93C-DA26-116D-D29F-7DBD5838FC47" localFKIndex="1EB23F52-2182-9CB6-CBD1-E7F3AD0595B4" name="exchanges_buy_groups_FK">
<createdBy>wojci</createdBy>
<createdTime>2023-01-04 16:47:21 UTC</createdTime>
<generatorID>C632768E-EFD8-7919-7E5E-07380E4D73F7</generatorID>
<ownerDesignName>design</ownerDesignName>
<referredTableLongName>groups</referredTableLongName>
<deleteRule>NO ACTION</deleteRule>
<referredTableID>C2A560A6-59A0-904B-AF74-16F014212485</referredTableID>
<keyObject>8AC10A77-1E48-1C8E-8FAB-3516AFF3EF7D</keyObject>
<referredKeyID>8AC10A77-1E48-1C8E-8FAB-3516AFF3EF7D</referredKeyID>
<mandatory>true</mandatory>
<refColNames>group_id</refColNames>
<transferable>true</transferable>
<rely>false</rely>
<columnDependencyConstraintGenerateInDDL>true</columnDependencyConstraintGenerateInDDL>
</FKIndexAssociation>