<?xml version = '1.0' encoding = 'UTF-8'?>
<FKIndexAssociation class="oracle.dbtools.crest.model.design.relational.FKIndexAssociation" directorySegmentName="seg_0" id="77C08D29-C7F2-A5A2-4216-DFF1CA2783B5" containerWithKeyObject="399B33BA-192E-7F6F-B83F-72044E46A64D" localFKIndex="E2ECF3E4-8009-EC9D-4B28-9DB780D5E538" name="exchanges_sell_user_groups_FK">
<createdBy>wojci</createdBy>
<createdTime>2023-01-04 16:47:21 UTC</createdTime>
<generatorID>BFED1BA0-7B69-654D-8945-69F76F2BF56D</generatorID>
<ownerDesignName>design</ownerDesignName>
<referredTableLongName>user_groups</referredTableLongName>
<deleteRule>NO ACTION</deleteRule>
<referredTableID>0ECE3F34-3047-776B-741E-5C1904C26505</referredTableID>
<keyObject>FBE7F273-3328-4452-5A97-6E50C2952597</keyObject>
<referredKeyID>FBE7F273-3328-4452-5A97-6E50C2952597</referredKeyID>
<mandatory>true</mandatory>
<refColNames>ug_id</refColNames>
<transferable>true</transferable>
<rely>false</rely>
<columnDependencyConstraintGenerateInDDL>true</columnDependencyConstraintGenerateInDDL>
</FKIndexAssociation>