<?xml version = '1.0' encoding = 'UTF-8'?>
<FKIndexAssociation class="oracle.dbtools.crest.model.design.relational.FKIndexAssociation" directorySegmentName="seg_0" id="8FEA58B7-5D2F-E9F2-8940-61EC7A528A3D" containerWithKeyObject="A1063486-BFB1-287D-D120-524E6540E25B" localFKIndex="2FE5D28A-541E-5B8B-28AB-338E373EEA82" name="courses_faculties_FK">
<createdBy>wojci</createdBy>
<createdTime>2023-01-04 16:47:21 UTC</createdTime>
<generatorID>1C24DC69-4CD9-7E1F-DBD4-67C7923E4F93</generatorID>
<ownerDesignName>design</ownerDesignName>
<referredTableLongName>faculties</referredTableLongName>
<deleteRule>NO ACTION</deleteRule>
<referredTableID>0B46706D-B443-EFD1-5ACF-749932739529</referredTableID>
<keyObject>5320E797-4B55-2C7D-0142-A2661C2EC90B</keyObject>
<referredKeyID>5320E797-4B55-2C7D-0142-A2661C2EC90B</referredKeyID>
<mandatory>true</mandatory>
<refColNames>faculty_id</refColNames>
<transferable>true</transferable>
<rely>false</rely>
<columnDependencyConstraintGenerateInDDL>true</columnDependencyConstraintGenerateInDDL>
</FKIndexAssociation>