<?xml version = '1.0' encoding = 'UTF-8'?>
<FKIndexAssociation class="oracle.dbtools.crest.model.design.relational.FKIndexAssociation" directorySegmentName="seg_0" id="9299B1FD-49B1-2ED9-3F32-01F56AC96CCB" containerWithKeyObject="C2A560A6-59A0-904B-AF74-16F014212485" localFKIndex="4ABF9037-574F-B23F-937F-4C9D8D16FD02" name="groups_courses_FK">
<createdBy>wojci</createdBy>
<createdTime>2023-01-04 16:47:21 UTC</createdTime>
<generatorID>9DD18895-763C-B63C-CE06-408ACC6B4341</generatorID>
<ownerDesignName>design</ownerDesignName>
<referredTableLongName>courses</referredTableLongName>
<deleteRule>NO ACTION</deleteRule>
<referredTableID>A1063486-BFB1-287D-D120-524E6540E25B</referredTableID>
<keyObject>539A4C79-AD72-7826-9DC9-E92C04E6EF84</keyObject>
<referredKeyID>539A4C79-AD72-7826-9DC9-E92C04E6EF84</referredKeyID>
<mandatory>true</mandatory>
<refColNames>course_id</refColNames>
<transferable>true</transferable>
<rely>false</rely>
<columnDependencyConstraintGenerateInDDL>true</columnDependencyConstraintGenerateInDDL>
</FKIndexAssociation>