<?xml version = '1.0' encoding = 'UTF-8'?>
<FKIndexAssociation class="oracle.dbtools.crest.model.design.relational.FKIndexAssociation" directorySegmentName="seg_0" id="A5853447-8CCC-7AA7-B9EF-064F91326899" containerWithKeyObject="0ECE3F34-3047-776B-741E-5C1904C26505" localFKIndex="E7E089C3-A5F1-2846-8A31-0D17560D60BA" name="user_groups_users_FK">
<createdBy>wojci</createdBy>
<createdTime>2023-01-04 16:47:21 UTC</createdTime>
<generatorID>EBE0C6A7-E166-38FF-563D-9CFEEFB41970</generatorID>
<ownerDesignName>design</ownerDesignName>
<referredTableLongName>users</referredTableLongName>
<deleteRule>NO ACTION</deleteRule>
<referredTableID>629405C7-2160-CEE8-F7FF-14287A99FC91</referredTableID>
<keyObject>0A1A787A-C42C-06D4-9B6F-512FE49CE753</keyObject>
<referredKeyID>0A1A787A-C42C-06D4-9B6F-512FE49CE753</referredKeyID>
<mandatory>true</mandatory>
<refColNames>login</refColNames>
<transferable>true</transferable>
<rely>false</rely>
<columnDependencyConstraintGenerateInDDL>true</columnDependencyConstraintGenerateInDDL>
</FKIndexAssociation>