<?xml version = '1.0' encoding = 'UTF-8'?>
<FKIndexAssociation class="oracle.dbtools.crest.model.design.relational.FKIndexAssociation" directorySegmentName="seg_0" id="C16A53F6-16AE-59F2-02B0-892A615C393D" containerWithKeyObject="0ECE3F34-3047-776B-741E-5C1904C26505" localFKIndex="06400526-FB55-BE59-3992-5D8A27EA3E45" name="user_groups_groups_FK">
<createdBy>wojci</createdBy>
<createdTime>2023-01-04 16:47:21 UTC</createdTime>
<generatorID>9FA83584-A8BB-D63A-6A91-1D2FF5AF3970</generatorID>
<ownerDesignName>design</ownerDesignName>
<referredTableLongName>groups</referredTableLongName>
<deleteRule>NO ACTION</deleteRule>
<referredTableID>C2A560A6-59A0-904B-AF74-16F014212485</referredTableID>
<keyObject>8AC10A77-1E48-1C8E-8FAB-3516AFF3EF7D</keyObject>
<referredKeyID>8AC10A77-1E48-1C8E-8FAB-3516AFF3EF7D</referredKeyID>
<mandatory>false</mandatory>
<refColNames>group_id</refColNames>
<transferable>true</transferable>
<rely>false</rely>
<columnDependencyConstraintGenerateInDDL>true</columnDependencyConstraintGenerateInDDL>
</FKIndexAssociation>