<?xml version = '1.0' encoding = 'UTF-8'?>
<Table class="oracle.dbtools.crest.model.design.relational.Table" directorySegmentName="seg_0" id="0499ED38-2DD6-49D5-B542-E166BB2FAC1A" name="sessions">
<createdBy>wojci</createdBy>
<createdTime>2023-01-04 16:47:21 UTC</createdTime>
<generatorID>FBCD5B8B-3F71-ABB3-C965-202AED8F3A09</generatorID>
<ownerDesignName>design</ownerDesignName>
<allowColumnReorder>false</allowColumnReorder>
<existDependencyGenerateInDDl>true</existDependencyGenerateInDDl>
<parsed>true</parsed>
<columns itemClass="oracle.dbtools.crest.model.design.relational.Column">
<Column name="token" id="50FE6971-43AC-5866-7B47-C70DC4B4ABC5">
<createdBy>wojci</createdBy>
<createdTime>2023-01-04 16:47:21 UTC</createdTime>
<generatorID>56DE4219-D7C2-E70D-ECBF-6E7789DD930A</generatorID>
<ownerDesignName>design</ownerDesignName>
<useDomainConstraints>false</useDomainConstraints>
<use>1</use>
<logicalDatatype>LOGDT024</logicalDatatype>
<dataTypeSize>40</dataTypeSize>
<ownDataTypeParameters>40,,</ownDataTypeParameters>
<autoIncrementCycle>false</autoIncrementCycle>
</Column>
<Column name="expiration_time" id="D2E6B9A8-87BF-79D6-A2F8-929C9635105C">
<createdBy>wojci</createdBy>
<createdTime>2023-01-04 16:47:21 UTC</createdTime>
<generatorID>B432FAB5-51D7-CBFD-4513-93552A865174</generatorID>
<ownerDesignName>design</ownerDesignName>
<useDomainConstraints>false</useDomainConstraints>
<use>1</use>
<logicalDatatype>LOGDT007</logicalDatatype>
<ownDataTypeParameters>,,</ownDataTypeParameters>
<autoIncrementCycle>false</autoIncrementCycle>
</Column>
<Column name="users_login" id="20D4E2AC-17BA-05C8-9744-5C157C738BB0">
<createdBy>wojci</createdBy>
<createdTime>2023-01-04 16:47:21 UTC</createdTime>
<generatorID>E818B246-9697-3430-FF31-923094AC8594</generatorID>
<ownerDesignName>design</ownerDesignName>
<useDomainConstraints>false</useDomainConstraints>
<use>1</use>
<logicalDatatype>LOGDT024</logicalDatatype>
<dataTypeSize>32</dataTypeSize>
<ownDataTypeParameters>,,</ownDataTypeParameters>
<previousColumn>false</previousColumn>
<autoIncrementCycle>false</autoIncrementCycle>
<associations>
<colAssociation fkAssociation="43D77457-1181-9DCE-6C24-A8CF499B050F" referredColumn="F381B947-54D5-3DF8-D870-94D5CE83CA62"/>
</associations>
</Column>
<Column name="session_id" id="369C7FA4-D764-B3F1-A6D7-0D37AE1B371E">
<createdBy>wojci</createdBy>
<createdTime>2023-01-04 16:47:21 UTC</createdTime>
<generatorID>CC9D0AED-0E56-83C7-B3AD-F6C5EE54A338</generatorID>
<ownerDesignName>design</ownerDesignName>
<useDomainConstraints>false</useDomainConstraints>
<use>1</use>
<logicalDatatype>LOGDT019</logicalDatatype>
<dataTypePrecision>8</dataTypePrecision>
<ownDataTypeParameters>,8,</ownDataTypeParameters>
<autoIncrementCycle>false</autoIncrementCycle>
</Column>
</columns>
<indexes itemClass="oracle.dbtools.crest.model.design.relational.Index">
<ind_PK_UK id="FFE80E4B-9BCE-7F1E-3013-5AE11A49BC66" name="sessions_PK">
<createdBy>wojci</createdBy>
<createdTime>2023-01-04 16:47:21 UTC</createdTime>
<generatorID>5BA31BEB-033D-6764-139A-40564490DFE9</generatorID>
<ownerDesignName>design</ownerDesignName>
<pk>true</pk>
<indexState>Primary Constraint</indexState>
<isSurrogateKey>false</isSurrogateKey>
<indexColumnUsage>
<colUsage columnID="369C7FA4-D764-B3F1-A6D7-0D37AE1B371E"/>
</indexColumnUsage>
</ind_PK_UK>
<ind_PK_UK id="0BC06AC1-D5E1-F636-825E-E0EC8B95BFC9" name="sessions__IDX">
<createdBy>wojci</createdBy>
<createdTime>2023-01-04 16:47:21 UTC</createdTime>
<ownerDesignName>design</ownerDesignName>
<indexState>Unique Plain Index</indexState>
<isSurrogateKey>false</isSurrogateKey>
<relationGeneratorID>15E29F83-B2D3-2F7A-9DDE-8864ECA5A4C2</relationGeneratorID>
<indexColumnUsage>
<colUsage columnID="20D4E2AC-17BA-05C8-9744-5C157C738BB0"/>
</indexColumnUsage>
</ind_PK_UK>
<ind_PK_UK id="737FA1DC-F626-CC23-69F4-50D87B1B0CA4" name="sessions_users_FK">
<createdBy>wojci</createdBy>
<createdTime>2023-01-04 16:47:21 UTC</createdTime>
<generatorID>15E29F83-B2D3-2F7A-9DDE-8864ECA5A4C2</generatorID>
<ownerDesignName>design</ownerDesignName>
<indexState>Foreign Key</indexState>
<isSurrogateKey>false</isSurrogateKey>
<indexColumnUsage>
<colUsage columnID="20D4E2AC-17BA-05C8-9744-5C157C738BB0"/>
</indexColumnUsage>
</ind_PK_UK>
</indexes>
</Table>