<?xml version = '1.0' encoding = 'UTF-8'?>
<Table class="oracle.dbtools.crest.model.design.relational.Table" directorySegmentName="seg_0" id="06C7B0BC-749B-A137-51EC-49B038B76CDA" name="lecturers">
<createdBy>wojci</createdBy>
<createdTime>2023-01-04 16:47:21 UTC</createdTime>
<generatorID>3E8B2F11-E910-D305-5DE7-501BD1C6DC67</generatorID>
<ownerDesignName>design</ownerDesignName>
<allowColumnReorder>false</allowColumnReorder>
<existDependencyGenerateInDDl>true</existDependencyGenerateInDDl>
<parsed>true</parsed>
<columns itemClass="oracle.dbtools.crest.model.design.relational.Column">
<Column name="lecturer_id" id="3E582F9E-5478-73B5-EAD0-04A8154037C9">
<createdBy>wojci</createdBy>
<createdTime>2023-01-04 16:47:21 UTC</createdTime>
<generatorID>862CDDDC-DB56-0F83-D48B-C8D96F74303A</generatorID>
<ownerDesignName>design</ownerDesignName>
<useDomainConstraints>false</useDomainConstraints>
<use>1</use>
<logicalDatatype>LOGDT019</logicalDatatype>
<dataTypePrecision>5</dataTypePrecision>
<ownDataTypeParameters>,5,</ownDataTypeParameters>
<autoIncrementCycle>false</autoIncrementCycle>
</Column>
<Column name="name" id="0C37B215-BC38-D150-CCB3-1A9BE2FE47B3">
<createdBy>wojci</createdBy>
<createdTime>2023-01-04 16:47:21 UTC</createdTime>
<generatorID>722A9863-97E2-2C7E-226D-BBBA7F2FD4C9</generatorID>
<ownerDesignName>design</ownerDesignName>
<useDomainConstraints>false</useDomainConstraints>
<use>1</use>
<logicalDatatype>LOGDT024</logicalDatatype>
<dataTypeSize>40</dataTypeSize>
<ownDataTypeParameters>40,,</ownDataTypeParameters>
<autoIncrementCycle>false</autoIncrementCycle>
</Column>
<Column name="surname" id="CB0269C1-459A-A9F3-C67D-718943A28E57">
<createdBy>wojci</createdBy>
<createdTime>2023-01-04 16:47:21 UTC</createdTime>
<generatorID>53C8A7F1-B8C4-5BBA-38CA-08FED89F23B5</generatorID>
<ownerDesignName>design</ownerDesignName>
<useDomainConstraints>false</useDomainConstraints>
<use>1</use>
<logicalDatatype>LOGDT024</logicalDatatype>
<dataTypeSize>40</dataTypeSize>
<ownDataTypeParameters>40,,</ownDataTypeParameters>
<autoIncrementCycle>false</autoIncrementCycle>
</Column>
<Column name="rating" id="A209503B-33D4-F171-3A64-FB3D838A8F04">
<createdBy>wojci</createdBy>
<createdTime>2023-01-04 16:47:21 UTC</createdTime>
<generatorID>BD786C81-8D0B-B68C-3427-A10493B6EA4A</generatorID>
<ownerDesignName>design</ownerDesignName>
<nullsAllowed>true</nullsAllowed>
<useDomainConstraints>false</useDomainConstraints>
<use>1</use>
<logicalDatatype>LOGDT026</logicalDatatype>
<dataTypePrecision>1</dataTypePrecision>
<dataTypeScale>2</dataTypeScale>
<ownDataTypeParameters>,1,2</ownDataTypeParameters>
<autoIncrementCycle>false</autoIncrementCycle>
</Column>
<Column name="title" id="95A8103F-5D4D-CAEE-1B40-98B0FBB7F445">
<createdBy>wojci</createdBy>
<createdTime>2023-01-04 16:47:21 UTC</createdTime>
<generatorID>897604E4-C14F-7B3A-C6F7-DBDB1E5767CD</generatorID>
<ownerDesignName>design</ownerDesignName>
<nullsAllowed>true</nullsAllowed>
<useDomainConstraints>false</useDomainConstraints>
<use>1</use>
<logicalDatatype>LOGDT024</logicalDatatype>
<dataTypeSize>8</dataTypeSize>
<ownDataTypeParameters>8,,</ownDataTypeParameters>
<autoIncrementCycle>false</autoIncrementCycle>
</Column>
</columns>
<indexes itemClass="oracle.dbtools.crest.model.design.relational.Index">
<ind_PK_UK id="80AF5294-258E-ABAD-E4B0-78D67914DD60" name="lecturers_PK">
<createdBy>wojci</createdBy>
<createdTime>2023-01-04 16:47:21 UTC</createdTime>
<generatorID>C876E3C3-72DD-BC0C-271B-F443EEC840C1</generatorID>
<ownerDesignName>design</ownerDesignName>
<pk>true</pk>
<indexState>Primary Constraint</indexState>
<isSurrogateKey>false</isSurrogateKey>
<indexColumnUsage>
<colUsage columnID="3E582F9E-5478-73B5-EAD0-04A8154037C9"/>
</indexColumnUsage>
</ind_PK_UK>
</indexes>
</Table>