<?xml version = '1.0' encoding = 'UTF-8'?>
<Table class="oracle.dbtools.crest.model.design.relational.Table" directorySegmentName="seg_0" id="0ECE3F34-3047-776B-741E-5C1904C26505" name="user_groups">
<createdBy>wojci</createdBy>
<createdTime>2023-01-04 16:47:21 UTC</createdTime>
<generatorID>05B8C151-3B37-AB6E-F8CE-0E06D651AE63</generatorID>
<ownerDesignName>design</ownerDesignName>
<allowColumnReorder>false</allowColumnReorder>
<existDependencyGenerateInDDl>true</existDependencyGenerateInDDl>
<parsed>true</parsed>
<columns itemClass="oracle.dbtools.crest.model.design.relational.Column">
<Column name="users_login" id="120E7DA0-59AA-8FDE-1662-2349F1F8767B">
<createdBy>wojci</createdBy>
<createdTime>2023-01-04 16:47:21 UTC</createdTime>
<generatorID>E328618C-6AB6-C0EA-7A93-63839479B477</generatorID>
<ownerDesignName>design</ownerDesignName>
<useDomainConstraints>false</useDomainConstraints>
<use>1</use>
<logicalDatatype>LOGDT024</logicalDatatype>
<dataTypeSize>32</dataTypeSize>
<ownDataTypeParameters>,,</ownDataTypeParameters>
<previousColumn>false</previousColumn>
<autoIncrementCycle>false</autoIncrementCycle>
<associations>
<colAssociation fkAssociation="A5853447-8CCC-7AA7-B9EF-064F91326899" referredColumn="F381B947-54D5-3DF8-D870-94D5CE83CA62"/>
</associations>
</Column>
<Column name="ug_id" id="BB6CF31B-A255-12A6-CAD3-8C68A5D20333">
<createdBy>wojci</createdBy>
<createdTime>2023-01-04 16:47:21 UTC</createdTime>
<generatorID>B9023150-05D4-B9FE-9D21-96F6D609F314</generatorID>
<ownerDesignName>design</ownerDesignName>
<useDomainConstraints>false</useDomainConstraints>
<use>1</use>
<logicalDatatype>LOGDT019</logicalDatatype>
<dataTypePrecision>6</dataTypePrecision>
<ownDataTypeParameters>,6,</ownDataTypeParameters>
<autoIncrementCycle>false</autoIncrementCycle>
</Column>
<Column name="groups_group_id" id="EB7DF582-731E-706B-5CC9-A735336B5D03">
<createdBy>wojci</createdBy>
<createdTime>2023-01-04 16:47:21 UTC</createdTime>
<generatorID>12E39CB5-8166-13F9-A94F-2AC11E62CC37</generatorID>
<ownerDesignName>design</ownerDesignName>
<nullsAllowed>true</nullsAllowed>
<useDomainConstraints>false</useDomainConstraints>
<use>1</use>
<logicalDatatype>LOGDT019</logicalDatatype>
<dataTypePrecision>4</dataTypePrecision>
<ownDataTypeParameters>,,</ownDataTypeParameters>
<previousColumn>false</previousColumn>
<autoIncrementCycle>false</autoIncrementCycle>
<associations>
<colAssociation fkAssociation="C16A53F6-16AE-59F2-02B0-892A615C393D" referredColumn="0A8F094E-48DA-91CA-390A-1500C9A7FFEF"/>
</associations>
</Column>
</columns>
<indexes itemClass="oracle.dbtools.crest.model.design.relational.Index">
<ind_PK_UK id="FBE7F273-3328-4452-5A97-6E50C2952597" name="user_groups_PK">
<createdBy>wojci</createdBy>
<createdTime>2023-01-04 16:47:21 UTC</createdTime>
<generatorID>3BBC7862-FB57-BCAA-2505-C0AC39C9F618</generatorID>
<ownerDesignName>design</ownerDesignName>
<pk>true</pk>
<indexState>Primary Constraint</indexState>
<isSurrogateKey>false</isSurrogateKey>
<indexColumnUsage>
<colUsage columnID="BB6CF31B-A255-12A6-CAD3-8C68A5D20333"/>
</indexColumnUsage>
</ind_PK_UK>
<ind_PK_UK id="06400526-FB55-BE59-3992-5D8A27EA3E45" name="user_groups_groups_FK">
<createdBy>wojci</createdBy>
<createdTime>2023-01-04 16:47:21 UTC</createdTime>
<generatorID>9FA83584-A8BB-D63A-6A91-1D2FF5AF3970</generatorID>
<ownerDesignName>design</ownerDesignName>
<indexState>Foreign Key</indexState>
<isSurrogateKey>false</isSurrogateKey>
<indexColumnUsage>
<colUsage columnID="EB7DF582-731E-706B-5CC9-A735336B5D03"/>
</indexColumnUsage>
</ind_PK_UK>
<ind_PK_UK id="E7E089C3-A5F1-2846-8A31-0D17560D60BA" name="user_groups_users_FK">
<createdBy>wojci</createdBy>
<createdTime>2023-01-04 16:47:21 UTC</createdTime>
<generatorID>EBE0C6A7-E166-38FF-563D-9CFEEFB41970</generatorID>
<ownerDesignName>design</ownerDesignName>
<indexState>Foreign Key</indexState>
<isSurrogateKey>false</isSurrogateKey>
<indexColumnUsage>
<colUsage columnID="120E7DA0-59AA-8FDE-1662-2349F1F8767B"/>
</indexColumnUsage>
</ind_PK_UK>
</indexes>
</Table>