<?xml version = '1.0' encoding = 'UTF-8'?>
<Table class="oracle.dbtools.crest.model.design.relational.Table" directorySegmentName="seg_0" id="399B33BA-192E-7F6F-B83F-72044E46A64D" name="exchanges_sell">
<createdBy>wojci</createdBy>
<createdTime>2023-01-04 16:47:21 UTC</createdTime>
<generatorID>CDBA9923-9B9B-D720-33DB-85513901B7F0</generatorID>
<ownerDesignName>design</ownerDesignName>
<allowColumnReorder>false</allowColumnReorder>
<existDependencyGenerateInDDl>true</existDependencyGenerateInDDl>
<parsed>true</parsed>
<columns itemClass="oracle.dbtools.crest.model.design.relational.Column">
<Column name="exchange_sell_id" id="927C53A6-1099-1D30-5D16-A08340DEDC95">
<createdBy>wojci</createdBy>
<createdTime>2023-01-04 16:47:21 UTC</createdTime>
<generatorID>86FC31C1-798B-2892-B068-5CC79ABE446C</generatorID>
<ownerDesignName>design</ownerDesignName>
<useDomainConstraints>false</useDomainConstraints>
<use>1</use>
<logicalDatatype>LOGDT019</logicalDatatype>
<dataTypePrecision>9</dataTypePrecision>
<ownDataTypeParameters>,9,</ownDataTypeParameters>
<autoIncrementCycle>false</autoIncrementCycle>
</Column>
<Column name="user_groups_ug_id" id="6EBB7ABA-0716-C676-6D5F-5D1BF96C2421">
<createdBy>wojci</createdBy>
<createdTime>2023-01-04 16:47:21 UTC</createdTime>
<generatorID>E67C8D9E-5EF8-4B87-0BF0-B390D627F4C1</generatorID>
<ownerDesignName>design</ownerDesignName>
<useDomainConstraints>false</useDomainConstraints>
<use>1</use>
<logicalDatatype>LOGDT019</logicalDatatype>
<dataTypePrecision>6</dataTypePrecision>
<ownDataTypeParameters>,,</ownDataTypeParameters>
<previousColumn>false</previousColumn>
<autoIncrementCycle>false</autoIncrementCycle>
<associations>
<colAssociation fkAssociation="77C08D29-C7F2-A5A2-4216-DFF1CA2783B5" referredColumn="BB6CF31B-A255-12A6-CAD3-8C68A5D20333"/>
</associations>
</Column>
<Column name="insertion_date" id="525208CE-D1B4-6E3C-6128-789A97DA52BE">
<createdBy>wojci</createdBy>
<createdTime>2023-01-04 16:47:21 UTC</createdTime>
<generatorID>6F7369C8-9E80-7123-54D2-1A17A9563153</generatorID>
<ownerDesignName>design</ownerDesignName>
<useDomainConstraints>false</useDomainConstraints>
<use>1</use>
<logicalDatatype>LOGDT007</logicalDatatype>
<ownDataTypeParameters>,,</ownDataTypeParameters>
<autoIncrementCycle>false</autoIncrementCycle>
</Column>
<Column name="exchanges_sell_exchange_sell_id" id="7DA19179-EDA1-ECC4-8B2C-8A178405EFEC">
<createdBy>wojci</createdBy>
<createdTime>2023-01-04 16:47:21 UTC</createdTime>
<generatorID>AFC90E2A-E65C-B875-92E1-F2BB8E79F2ED</generatorID>
<ownerDesignName>design</ownerDesignName>
<nullsAllowed>true</nullsAllowed>
<useDomainConstraints>false</useDomainConstraints>
<use>1</use>
<logicalDatatype>LOGDT019</logicalDatatype>
<dataTypePrecision>9</dataTypePrecision>
<defaultValue>null</defaultValue>
<ownDataTypeParameters>,,</ownDataTypeParameters>
<previousColumn>false</previousColumn>
<autoIncrementCycle>false</autoIncrementCycle>
<associations>
<colAssociation fkAssociation="4E6369B0-3DF8-4A6D-963E-3D62435868BE" referredColumn="927C53A6-1099-1D30-5D16-A08340DEDC95"/>
</associations>
</Column>
</columns>
<indexes itemClass="oracle.dbtools.crest.model.design.relational.Index">
<ind_PK_UK id="000B574D-8020-42C6-8BF2-844DB7E2E3BE" name="exchanges_sell_PK">
<createdBy>wojci</createdBy>
<createdTime>2023-01-04 16:47:21 UTC</createdTime>
<generatorID>66CD7F4E-8A17-C569-FA45-C50D12D1DA23</generatorID>
<ownerDesignName>design</ownerDesignName>
<pk>true</pk>
<indexState>Primary Constraint</indexState>
<isSurrogateKey>false</isSurrogateKey>
<indexColumnUsage>
<colUsage columnID="927C53A6-1099-1D30-5D16-A08340DEDC95"/>
</indexColumnUsage>
</ind_PK_UK>
<ind_PK_UK id="03E95897-1B80-1524-2567-95C71E3A2A0D" name="exchanges_sell__IDX">
<createdBy>wojci</createdBy>
<createdTime>2023-01-04 16:47:21 UTC</createdTime>
<ownerDesignName>design</ownerDesignName>
<indexState>Unique Plain Index</indexState>
<isSurrogateKey>false</isSurrogateKey>
<relationGeneratorID>23FC7BD5-6242-D54E-37AC-888ADD439DEA</relationGeneratorID>
<indexColumnUsage>
<colUsage columnID="7DA19179-EDA1-ECC4-8B2C-8A178405EFEC"/>
</indexColumnUsage>
</ind_PK_UK>
<ind_PK_UK id="63BDA340-16A2-705A-7EFB-D11C0907AD62" name="exchanges_sell__IDXv1">
<createdBy>wojci</createdBy>
<createdTime>2023-01-04 16:47:21 UTC</createdTime>
<ownerDesignName>design</ownerDesignName>
<indexState>Unique Plain Index</indexState>
<isSurrogateKey>false</isSurrogateKey>
<relationGeneratorID>BFED1BA0-7B69-654D-8945-69F76F2BF56D</relationGeneratorID>
<indexColumnUsage>
<colUsage columnID="6EBB7ABA-0716-C676-6D5F-5D1BF96C2421"/>
</indexColumnUsage>
</ind_PK_UK>
<ind_PK_UK id="C22B4028-FE99-F5B3-710E-6793454804B4" name="exchanges_sell_exchanges_sell_FK">
<createdBy>wojci</createdBy>
<createdTime>2023-01-04 16:47:21 UTC</createdTime>
<generatorID>23FC7BD5-6242-D54E-37AC-888ADD439DEA</generatorID>
<ownerDesignName>design</ownerDesignName>
<indexState>Foreign Key</indexState>
<isSurrogateKey>false</isSurrogateKey>
<indexColumnUsage>
<colUsage columnID="7DA19179-EDA1-ECC4-8B2C-8A178405EFEC"/>
</indexColumnUsage>
</ind_PK_UK>
<ind_PK_UK id="E2ECF3E4-8009-EC9D-4B28-9DB780D5E538" name="exchanges_sell_user_groups_FK">
<createdBy>wojci</createdBy>
<createdTime>2023-01-04 16:47:21 UTC</createdTime>
<generatorID>BFED1BA0-7B69-654D-8945-69F76F2BF56D</generatorID>
<ownerDesignName>design</ownerDesignName>
<indexState>Foreign Key</indexState>
<isSurrogateKey>false</isSurrogateKey>
<indexColumnUsage>
<colUsage columnID="6EBB7ABA-0716-C676-6D5F-5D1BF96C2421"/>
</indexColumnUsage>
</ind_PK_UK>
</indexes>
</Table>