<?xml version = '1.0' encoding = 'UTF-8'?>
<Table class="oracle.dbtools.crest.model.design.relational.Table" directorySegmentName="seg_0" id="A1063486-BFB1-287D-D120-524E6540E25B" name="courses">
<createdBy>wojci</createdBy>
<createdTime>2023-01-04 16:47:21 UTC</createdTime>
<generatorID>CC1FB1B1-43C7-3A37-1843-D61F09FE968D</generatorID>
<ownerDesignName>design</ownerDesignName>
<allowColumnReorder>false</allowColumnReorder>
<existDependencyGenerateInDDl>true</existDependencyGenerateInDDl>
<parsed>true</parsed>
<columns itemClass="oracle.dbtools.crest.model.design.relational.Column">
<Column name="course_id" id="57A03B3D-5B98-DC22-1227-408A353FA0A5">
<createdBy>wojci</createdBy>
<createdTime>2023-01-04 16:47:21 UTC</createdTime>
<generatorID>E8160090-64EE-5C97-851A-23CA349E3AFC</generatorID>
<ownerDesignName>design</ownerDesignName>
<useDomainConstraints>false</useDomainConstraints>
<use>1</use>
<logicalDatatype>LOGDT019</logicalDatatype>
<dataTypePrecision>4</dataTypePrecision>
<ownDataTypeParameters>,4,</ownDataTypeParameters>
<autoIncrementCycle>false</autoIncrementCycle>
</Column>
<Column name="type" id="CBB33749-A093-2F65-A37B-2CB2F5A948FD">
<createdBy>wojci</createdBy>
<createdTime>2023-01-04 16:47:21 UTC</createdTime>
<generatorID>59D09C45-6625-A6BD-25D7-8D29365F8864</generatorID>
<ownerDesignName>design</ownerDesignName>
<useDomainConstraints>false</useDomainConstraints>
<use>1</use>
<logicalDatatype>LOGDT024</logicalDatatype>
<dataTypeSize>3</dataTypeSize>
<ownDataTypeParameters>3,,</ownDataTypeParameters>
<autoIncrementCycle>false</autoIncrementCycle>
</Column>
<Column name="name" id="668281CF-68F4-28D9-7868-485E47803244">
<createdBy>wojci</createdBy>
<createdTime>2023-01-04 16:47:21 UTC</createdTime>
<generatorID>61A61F55-39B2-8416-8ED1-F321D5A46E1A</generatorID>
<ownerDesignName>design</ownerDesignName>
<nullsAllowed>true</nullsAllowed>
<useDomainConstraints>false</useDomainConstraints>
<use>1</use>
<logicalDatatype>LOGDT024</logicalDatatype>
<dataTypeSize>30</dataTypeSize>
<ownDataTypeParameters>30,,</ownDataTypeParameters>
<autoIncrementCycle>false</autoIncrementCycle>
</Column>
<Column name="code" id="9BF44C13-4937-01CD-314B-A6CD25CA07E1">
<createdBy>wojci</createdBy>
<createdTime>2023-01-04 16:47:21 UTC</createdTime>
<generatorID>AB98F9AD-5FD9-3791-190F-FC65FCC552B2</generatorID>
<ownerDesignName>design</ownerDesignName>
<useDomainConstraints>false</useDomainConstraints>
<use>1</use>
<logicalDatatype>LOGDT024</logicalDatatype>
<dataTypeSize>6</dataTypeSize>
<ownDataTypeParameters>6,,</ownDataTypeParameters>
<autoIncrementCycle>false</autoIncrementCycle>
</Column>
<Column name="faculties_faculty_id" id="259C1AC0-30D7-C20E-DD12-98BC9063EB77">
<createdBy>wojci</createdBy>
<createdTime>2023-01-04 16:47:21 UTC</createdTime>
<generatorID>E547B7C4-C5FB-4A3E-C396-F62637408C66</generatorID>
<ownerDesignName>design</ownerDesignName>
<useDomainConstraints>false</useDomainConstraints>
<use>1</use>
<logicalDatatype>LOGDT019</logicalDatatype>
<dataTypePrecision>2</dataTypePrecision>
<ownDataTypeParameters>,,</ownDataTypeParameters>
<previousColumn>false</previousColumn>
<autoIncrementCycle>false</autoIncrementCycle>
<associations>
<colAssociation fkAssociation="8FEA58B7-5D2F-E9F2-8940-61EC7A528A3D" referredColumn="429C77D9-ED5C-3D29-2134-802AD25EA283"/>
</associations>
</Column>
</columns>
<indexes itemClass="oracle.dbtools.crest.model.design.relational.Index">
<ind_PK_UK id="539A4C79-AD72-7826-9DC9-E92C04E6EF84" name="courses_PK">
<createdBy>wojci</createdBy>
<createdTime>2023-01-04 16:47:21 UTC</createdTime>
<generatorID>01D6559D-FC26-798F-C4D9-42E7D52F1A2C</generatorID>
<ownerDesignName>design</ownerDesignName>
<pk>true</pk>
<indexState>Primary Constraint</indexState>
<isSurrogateKey>false</isSurrogateKey>
<indexColumnUsage>
<colUsage columnID="57A03B3D-5B98-DC22-1227-408A353FA0A5"/>
</indexColumnUsage>
</ind_PK_UK>
<ind_PK_UK id="2FE5D28A-541E-5B8B-28AB-338E373EEA82" name="courses_faculties_FK">
<createdBy>wojci</createdBy>
<createdTime>2023-01-04 16:47:21 UTC</createdTime>
<generatorID>1C24DC69-4CD9-7E1F-DBD4-67C7923E4F93</generatorID>
<ownerDesignName>design</ownerDesignName>
<indexState>Foreign Key</indexState>
<isSurrogateKey>false</isSurrogateKey>
<indexColumnUsage>
<colUsage columnID="259C1AC0-30D7-C20E-DD12-98BC9063EB77"/>
</indexColumnUsage>
</ind_PK_UK>
</indexes>
</Table>