<?xml version = '1.0' encoding = 'UTF-8'?>
<Table class="oracle.dbtools.crest.model.design.relational.Table" directorySegmentName="seg_0" id="A37BA93C-DA26-116D-D29F-7DBD5838FC47" name="exchanges_buy">
<createdBy>wojci</createdBy>
<createdTime>2023-01-04 16:47:21 UTC</createdTime>
<generatorID>F018F6EA-9689-0190-6E22-45E06D49E94B</generatorID>
<ownerDesignName>design</ownerDesignName>
<allowColumnReorder>false</allowColumnReorder>
<existDependencyGenerateInDDl>true</existDependencyGenerateInDDl>
<parsed>true</parsed>
<columns itemClass="oracle.dbtools.crest.model.design.relational.Column">
<Column name="exchange_buy_id" id="6E027F29-F56B-CD3C-F3A8-943074675D25">
<createdBy>wojci</createdBy>
<createdTime>2023-01-04 16:47:21 UTC</createdTime>
<generatorID>9DE9AB6F-621F-CCA6-9D39-E0906210BF6E</generatorID>
<ownerDesignName>design</ownerDesignName>
<useDomainConstraints>false</useDomainConstraints>
<use>1</use>
<logicalDatatype>LOGDT019</logicalDatatype>
<dataTypePrecision>10</dataTypePrecision>
<ownDataTypeParameters>,10,</ownDataTypeParameters>
<autoIncrementCycle>false</autoIncrementCycle>
</Column>
<Column name="exchanges_sell_exchange_sell_id" id="6822E853-7D40-5579-080E-A5638EB753A3">
<createdBy>wojci</createdBy>
<createdTime>2023-01-04 16:47:21 UTC</createdTime>
<generatorID>5F4B9F25-DE06-0AE5-87F3-C93B99C3D966</generatorID>
<ownerDesignName>design</ownerDesignName>
<useDomainConstraints>false</useDomainConstraints>
<use>1</use>
<logicalDatatype>LOGDT019</logicalDatatype>
<dataTypePrecision>9</dataTypePrecision>
<ownDataTypeParameters>,,</ownDataTypeParameters>
<previousColumn>false</previousColumn>
<autoIncrementCycle>false</autoIncrementCycle>
<associations>
<colAssociation fkAssociation="605F6F77-4B67-D74C-804E-9FFF19E7B47A" referredColumn="927C53A6-1099-1D30-5D16-A08340DEDC95"/>
</associations>
</Column>
<Column name="groups_group_id" id="1DB8173D-08A1-79FF-E7D1-1A252848E0A8">
<createdBy>wojci</createdBy>
<createdTime>2023-01-04 16:47:21 UTC</createdTime>
<generatorID>DE1E19F1-2610-70D5-F044-D6AE317AB8AC</generatorID>
<ownerDesignName>design</ownerDesignName>
<useDomainConstraints>false</useDomainConstraints>
<use>1</use>
<logicalDatatype>LOGDT019</logicalDatatype>
<dataTypePrecision>4</dataTypePrecision>
<ownDataTypeParameters>,,</ownDataTypeParameters>
<previousColumn>false</previousColumn>
<autoIncrementCycle>false</autoIncrementCycle>
<associations>
<colAssociation fkAssociation="73BAA3E1-609A-2C02-C01A-899AEC22B26F" referredColumn="0A8F094E-48DA-91CA-390A-1500C9A7FFEF"/>
</associations>
</Column>
<Column name="complete" id="93EC1A46-062C-7369-565F-BB2F22F96A4C">
<createdBy>wojci</createdBy>
<createdTime>2023-01-04 16:47:21 UTC</createdTime>
<generatorID>52121F9E-00F2-0D4B-9E36-27B2A58A7252</generatorID>
<ownerDesignName>design</ownerDesignName>
<useDomainConstraints>false</useDomainConstraints>
<use>1</use>
<logicalDatatype>LOGDT006</logicalDatatype>
<dataTypeSize>1</dataTypeSize>
<defaultValue>0</defaultValue>
<ownDataTypeParameters>1,,</ownDataTypeParameters>
<autoIncrementCycle>false</autoIncrementCycle>
</Column>
</columns>
<indexes itemClass="oracle.dbtools.crest.model.design.relational.Index">
<ind_PK_UK id="56F4641D-28F0-DAE7-A4E1-20000B89E443" name="exchanges_buy_PK">
<createdBy>wojci</createdBy>
<createdTime>2023-01-04 16:47:21 UTC</createdTime>
<generatorID>71AA5C54-D8F3-7822-638A-265BB944FEBB</generatorID>
<ownerDesignName>design</ownerDesignName>
<pk>true</pk>
<indexState>Primary Constraint</indexState>
<isSurrogateKey>false</isSurrogateKey>
<indexColumnUsage>
<colUsage columnID="6E027F29-F56B-CD3C-F3A8-943074675D25"/>
</indexColumnUsage>
</ind_PK_UK>
<ind_PK_UK id="1EB23F52-2182-9CB6-CBD1-E7F3AD0595B4" name="exchanges_buy_groups_FK">
<createdBy>wojci</createdBy>
<createdTime>2023-01-04 16:47:21 UTC</createdTime>
<generatorID>C632768E-EFD8-7919-7E5E-07380E4D73F7</generatorID>
<ownerDesignName>design</ownerDesignName>
<indexState>Foreign Key</indexState>
<isSurrogateKey>false</isSurrogateKey>
<indexColumnUsage>
<colUsage columnID="1DB8173D-08A1-79FF-E7D1-1A252848E0A8"/>
</indexColumnUsage>
</ind_PK_UK>
<ind_PK_UK id="8661A270-AA50-8295-02F3-900F625CF969" name="exchanges_buy_exchanges_sell_FK">
<createdBy>wojci</createdBy>
<createdTime>2023-01-04 16:47:21 UTC</createdTime>
<generatorID>6B55E837-2848-8BAA-7F36-78B5D2F8DB79</generatorID>
<ownerDesignName>design</ownerDesignName>
<indexState>Foreign Key</indexState>
<isSurrogateKey>false</isSurrogateKey>
<indexColumnUsage>
<colUsage columnID="6822E853-7D40-5579-080E-A5638EB753A3"/>
</indexColumnUsage>
</ind_PK_UK>
</indexes>
</Table>