<?xml version = '1.0' encoding = 'UTF-8'?>
<Table class="oracle.dbtools.crest.model.design.relational.Table" directorySegmentName="seg_0" id="C2A560A6-59A0-904B-AF74-16F014212485" name="groups">
<createdBy>wojci</createdBy>
<createdTime>2023-01-04 16:47:21 UTC</createdTime>
<generatorID>E8442C6A-59F3-C5AE-6F91-945D54F92099</generatorID>
<ownerDesignName>design</ownerDesignName>
<allowColumnReorder>false</allowColumnReorder>
<existDependencyGenerateInDDl>true</existDependencyGenerateInDDl>
<parsed>true</parsed>
<columns itemClass="oracle.dbtools.crest.model.design.relational.Column">
<Column name="time_start" id="01632A58-D7F5-79EB-0793-08956CB7979B">
<createdBy>wojci</createdBy>
<createdTime>2023-01-04 16:47:21 UTC</createdTime>
<generatorID>50EB61F1-DFF4-4632-F4EE-7699EA3BF55E</generatorID>
<ownerDesignName>design</ownerDesignName>
<useDomainConstraints>false</useDomainConstraints>
<use>1</use>
<logicalDatatype>LOGDT019</logicalDatatype>
<dataTypePrecision>4</dataTypePrecision>
<ownDataTypeParameters>,4,</ownDataTypeParameters>
<autoIncrementCycle>false</autoIncrementCycle>
</Column>
<Column name="time_end" id="512F3F7F-C7BF-252B-3796-F18B3D3530AD">
<createdBy>wojci</createdBy>
<createdTime>2023-01-04 16:47:21 UTC</createdTime>
<generatorID>702541AE-B4A8-2BC3-E0B7-DDD6A62C6712</generatorID>
<ownerDesignName>design</ownerDesignName>
<useDomainConstraints>false</useDomainConstraints>
<use>1</use>
<logicalDatatype>LOGDT019</logicalDatatype>
<dataTypePrecision>4</dataTypePrecision>
<ownDataTypeParameters>,4,</ownDataTypeParameters>
<autoIncrementCycle>false</autoIncrementCycle>
</Column>
<Column name="day" id="F9349D63-6473-08DA-52D3-FDAEE861C73C">
<createdBy>wojci</createdBy>
<createdTime>2023-01-04 16:47:21 UTC</createdTime>
<generatorID>90BACE7A-136C-F93D-D21E-59910DF2F67B</generatorID>
<ownerDesignName>design</ownerDesignName>
<useDomainConstraints>false</useDomainConstraints>
<use>1</use>
<logicalDatatype>LOGDT019</logicalDatatype>
<dataTypePrecision>1</dataTypePrecision>
<ownDataTypeParameters>,1,</ownDataTypeParameters>
<autoIncrementCycle>false</autoIncrementCycle>
</Column>
<Column name="classrooms_classroom_id" id="E618EECB-5BF7-AD05-3C1B-1C7FAF2FAD81">
<createdBy>wojci</createdBy>
<createdTime>2023-01-04 16:47:21 UTC</createdTime>
<generatorID>A97D2E07-ADE2-BD4D-01D1-9BFBB0D4CD52</generatorID>
<ownerDesignName>design</ownerDesignName>
<useDomainConstraints>false</useDomainConstraints>
<use>1</use>
<logicalDatatype>LOGDT019</logicalDatatype>
<dataTypePrecision>5</dataTypePrecision>
<ownDataTypeParameters>,,</ownDataTypeParameters>
<previousColumn>false</previousColumn>
<autoIncrementCycle>false</autoIncrementCycle>
<associations>
<colAssociation fkAssociation="31220BD6-57D7-0599-E1BF-BE84C2914C8B" referredColumn="C7A00666-4972-67C7-178B-6F45029E7750"/>
</associations>
</Column>
<Column name="lecturers_lecturer_id" id="ACFD0D77-3738-6219-78AD-4CF66DCFD795">
<createdBy>wojci</createdBy>
<createdTime>2023-01-04 16:47:21 UTC</createdTime>
<generatorID>4416DC14-283B-7235-6C8A-ABC4526FAE05</generatorID>
<ownerDesignName>design</ownerDesignName>
<useDomainConstraints>false</useDomainConstraints>
<use>1</use>
<logicalDatatype>LOGDT019</logicalDatatype>
<dataTypePrecision>5</dataTypePrecision>
<ownDataTypeParameters>,,</ownDataTypeParameters>
<previousColumn>false</previousColumn>
<autoIncrementCycle>false</autoIncrementCycle>
<associations>
<colAssociation fkAssociation="6B88DC11-1600-6F30-B3D9-52B73C8B21F1" referredColumn="3E582F9E-5478-73B5-EAD0-04A8154037C9"/>
</associations>
</Column>
<Column name="courses_course_id" id="6DFAF519-64BC-7730-54B3-127585448BAC">
<createdBy>wojci</createdBy>
<createdTime>2023-01-04 16:47:21 UTC</createdTime>
<generatorID>06982949-2E31-CC3A-20D0-864687B7CCC9</generatorID>
<ownerDesignName>design</ownerDesignName>
<useDomainConstraints>false</useDomainConstraints>
<use>1</use>
<logicalDatatype>LOGDT019</logicalDatatype>
<dataTypePrecision>4</dataTypePrecision>
<ownDataTypeParameters>,,</ownDataTypeParameters>
<previousColumn>false</previousColumn>
<autoIncrementCycle>false</autoIncrementCycle>
<associations>
<colAssociation fkAssociation="9299B1FD-49B1-2ED9-3F32-01F56AC96CCB" referredColumn="57A03B3D-5B98-DC22-1227-408A353FA0A5"/>
</associations>
</Column>
<Column name="group_nr" id="31D1A925-8AB5-7545-BB02-3D464ABA1502">
<createdBy>wojci</createdBy>
<createdTime>2023-01-04 16:47:21 UTC</createdTime>
<generatorID>810A8559-6DBE-A059-79CC-A34F9042B679</generatorID>
<ownerDesignName>design</ownerDesignName>
<useDomainConstraints>false</useDomainConstraints>
<use>1</use>
<logicalDatatype>LOGDT019</logicalDatatype>
<dataTypePrecision>3</dataTypePrecision>
<ownDataTypeParameters>,3,</ownDataTypeParameters>
<autoIncrementCycle>false</autoIncrementCycle>
</Column>
<Column name="group_id" id="0A8F094E-48DA-91CA-390A-1500C9A7FFEF">
<createdBy>wojci</createdBy>
<createdTime>2023-01-04 16:47:21 UTC</createdTime>
<generatorID>0F876102-AABD-8012-F881-8B20A4705BA9</generatorID>
<ownerDesignName>design</ownerDesignName>
<useDomainConstraints>false</useDomainConstraints>
<use>1</use>
<logicalDatatype>LOGDT019</logicalDatatype>
<dataTypePrecision>4</dataTypePrecision>
<ownDataTypeParameters>,4,</ownDataTypeParameters>
<autoIncrementCycle>false</autoIncrementCycle>
</Column>
</columns>
<indexes itemClass="oracle.dbtools.crest.model.design.relational.Index">
<ind_PK_UK id="8AC10A77-1E48-1C8E-8FAB-3516AFF3EF7D" name="groups_PK">
<createdBy>wojci</createdBy>
<createdTime>2023-01-04 16:47:21 UTC</createdTime>
<generatorID>148F4032-BB16-3719-D71D-259E6BB635BE</generatorID>
<ownerDesignName>design</ownerDesignName>
<pk>true</pk>
<indexState>Primary Constraint</indexState>
<isSurrogateKey>false</isSurrogateKey>
<indexColumnUsage>
<colUsage columnID="0A8F094E-48DA-91CA-390A-1500C9A7FFEF"/>
</indexColumnUsage>
</ind_PK_UK>
<ind_PK_UK id="4ABF9037-574F-B23F-937F-4C9D8D16FD02" name="groups_courses_FK">
<createdBy>wojci</createdBy>
<createdTime>2023-01-04 16:47:21 UTC</createdTime>
<generatorID>9DD18895-763C-B63C-CE06-408ACC6B4341</generatorID>
<ownerDesignName>design</ownerDesignName>
<indexState>Foreign Key</indexState>
<isSurrogateKey>false</isSurrogateKey>
<indexColumnUsage>
<colUsage columnID="6DFAF519-64BC-7730-54B3-127585448BAC"/>
</indexColumnUsage>
</ind_PK_UK>
<ind_PK_UK id="132BD947-C3DA-4E21-0515-866ABDFA28BD" name="groups_classrooms_FK">
<createdBy>wojci</createdBy>
<createdTime>2023-01-04 16:47:21 UTC</createdTime>
<generatorID>52EE5798-6E6B-8E55-0946-BEF502A46386</generatorID>
<ownerDesignName>design</ownerDesignName>
<indexState>Foreign Key</indexState>
<isSurrogateKey>false</isSurrogateKey>
<indexColumnUsage>
<colUsage columnID="E618EECB-5BF7-AD05-3C1B-1C7FAF2FAD81"/>
</indexColumnUsage>
</ind_PK_UK>
<ind_PK_UK id="0CAF532F-198A-475B-6AAB-EB7EB51B84FD" name="groups_lecturers_FK">
<createdBy>wojci</createdBy>
<createdTime>2023-01-04 16:47:21 UTC</createdTime>
<generatorID>20EA1F0E-6520-7731-EFD6-F2B32404B24D</generatorID>
<ownerDesignName>design</ownerDesignName>
<indexState>Foreign Key</indexState>
<isSurrogateKey>false</isSurrogateKey>
<indexColumnUsage>
<colUsage columnID="ACFD0D77-3738-6219-78AD-4CF66DCFD795"/>
</indexColumnUsage>
</ind_PK_UK>
</indexes>
</Table>