<?xml version = '1.0' encoding = 'UTF-8'?>
<Table class="oracle.dbtools.crest.model.design.relational.Table" directorySegmentName="seg_0" id="EE7B8815-9821-0538-BE91-5EF42FA89078" name="classrooms">
<createdBy>wojci</createdBy>
<createdTime>2023-01-04 16:47:21 UTC</createdTime>
<generatorID>3EDA1CEC-FBF8-922D-6162-90381C2E2661</generatorID>
<ownerDesignName>design</ownerDesignName>
<allowColumnReorder>false</allowColumnReorder>
<existDependencyGenerateInDDl>true</existDependencyGenerateInDDl>
<parsed>true</parsed>
<columns itemClass="oracle.dbtools.crest.model.design.relational.Column">
<Column name="classroom_id" id="C7A00666-4972-67C7-178B-6F45029E7750">
<createdBy>wojci</createdBy>
<createdTime>2023-01-04 16:47:21 UTC</createdTime>
<generatorID>BB2CD057-CA37-1274-B8AC-37D6DB91DCD8</generatorID>
<ownerDesignName>design</ownerDesignName>
<useDomainConstraints>false</useDomainConstraints>
<use>1</use>
<logicalDatatype>LOGDT019</logicalDatatype>
<dataTypePrecision>5</dataTypePrecision>
<ownDataTypeParameters>,5,</ownDataTypeParameters>
<autoIncrementCycle>false</autoIncrementCycle>
</Column>
<Column name="nr" id="7F7D3659-25CD-2FAC-20FC-203D78EB9C87">
<createdBy>wojci</createdBy>
<createdTime>2023-01-04 16:47:21 UTC</createdTime>
<generatorID>E75EC8F7-C6E0-2751-8D59-43539248FB1D</generatorID>
<ownerDesignName>design</ownerDesignName>
<useDomainConstraints>false</useDomainConstraints>
<use>1</use>
<logicalDatatype>LOGDT024</logicalDatatype>
<dataTypeSize>7</dataTypeSize>
<ownDataTypeParameters>7,,</ownDataTypeParameters>
<autoIncrementCycle>false</autoIncrementCycle>
</Column>
<Column name="faculties_faculty_id" id="B8A6FAD0-1031-14C1-E9A8-0CDD7FB0B1B3">
<createdBy>wojci</createdBy>
<createdTime>2023-01-04 16:47:21 UTC</createdTime>
<generatorID>C640EE56-42C8-2651-2DA4-86920554776D</generatorID>
<ownerDesignName>design</ownerDesignName>
<useDomainConstraints>false</useDomainConstraints>
<use>1</use>
<logicalDatatype>LOGDT019</logicalDatatype>
<dataTypePrecision>2</dataTypePrecision>
<ownDataTypeParameters>,,</ownDataTypeParameters>
<previousColumn>false</previousColumn>
<autoIncrementCycle>false</autoIncrementCycle>
<associations>
<colAssociation fkAssociation="5FA5D899-F926-4ED7-3438-95B35AEF622F" referredColumn="429C77D9-ED5C-3D29-2134-802AD25EA283"/>
</associations>
</Column>
</columns>
<indexes itemClass="oracle.dbtools.crest.model.design.relational.Index">
<ind_PK_UK id="9FC92FB4-3711-02E6-98F1-4576D1B6C417" name="classrooms_PK">
<createdBy>wojci</createdBy>
<createdTime>2023-01-04 16:47:21 UTC</createdTime>
<generatorID>563D513B-47B2-E6DB-E9CF-30C5356EB022</generatorID>
<ownerDesignName>design</ownerDesignName>
<pk>true</pk>
<indexState>Primary Constraint</indexState>
<isSurrogateKey>false</isSurrogateKey>
<indexColumnUsage>
<colUsage columnID="C7A00666-4972-67C7-178B-6F45029E7750"/>
</indexColumnUsage>
</ind_PK_UK>
<ind_PK_UK id="1E2A193D-6DD9-1B6F-D1F3-ADB23E98DD02" name="classrooms_faculties_FK">
<createdBy>wojci</createdBy>
<createdTime>2023-01-04 16:47:21 UTC</createdTime>
<generatorID>7CB54916-7BB8-9CBD-02E9-E56F5C48FB39</generatorID>
<ownerDesignName>design</ownerDesignName>
<indexState>Foreign Key</indexState>
<isSurrogateKey>false</isSurrogateKey>
<indexColumnUsage>
<colUsage columnID="B8A6FAD0-1031-14C1-E9A8-0CDD7FB0B1B3"/>
</indexColumnUsage>
</ind_PK_UK>
</indexes>
</Table>