<?xml version = '1.0' encoding = 'UTF-8'?>
<Relation class="oracle.dbtools.crest.model.design.logical.Relation" name="user_session" directorySegmentName="seg_0" id="15E29F83-B2D3-2F7A-9DDE-8864ECA5A4C2">
<createdBy>wojci</createdBy>
<createdTime>2023-01-01 13:01:04 UTC</createdTime>
<ownerDesignName>design</ownerDesignName>
<engineerTo>
<item key="BA3ABB86-0D89-2DF1-9643-BB17D03443A8" value="true"/>
</engineerTo>
<sourcePk>00D76473-84B1-0C97-DF65-9EFA94BF4FA6</sourcePk>
<identifying>false</identifying>
<optionalSource>true</optionalSource>
<optionalTarget>false</optionalTarget>
<sourceCardinality>1</sourceCardinality>
<sourceEntity>4A8AB8F2-DC79-7FFE-D5CE-ADD551D59CA5</sourceEntity>
<targetCardinalityString>1</targetCardinalityString>
<targetEntity>FBCD5B8B-3F71-ABB3-C965-202AED8F3A09</targetEntity>
<transferable>true</transferable>
<deleteRule>NO ACTION</deleteRule>
</Relation>