<?xml version = '1.0' encoding = 'UTF-8'?>
<Relation class="oracle.dbtools.crest.model.design.logical.Relation" name="course_on_faculty" directorySegmentName="seg_0" id="1C24DC69-4CD9-7E1F-DBD4-67C7923E4F93">
<createdBy>wojci</createdBy>
<createdTime>2023-01-01 19:01:11 UTC</createdTime>
<ownerDesignName>design</ownerDesignName>
<engineerTo>
<item key="BA3ABB86-0D89-2DF1-9643-BB17D03443A8" value="true"/>
</engineerTo>
<sourcePk>B26ABA54-841F-9FD5-5378-6C2C3CCFD6C4</sourcePk>
<identifying>false</identifying>
<optionalSource>true</optionalSource>
<optionalTarget>false</optionalTarget>
<sourceCardinality>1</sourceCardinality>
<sourceEntity>06A64368-5B3C-3BA6-DACC-09D6D20EB8C0</sourceEntity>
<targetCardinalityString>*</targetCardinalityString>
<targetEntity>CC1FB1B1-43C7-3A37-1843-D61F09FE968D</targetEntity>
<transferable>true</transferable>
<deleteRule>NO ACTION</deleteRule>
</Relation>