<?xml version = '1.0' encoding = 'UTF-8'?>
<Relation class="oracle.dbtools.crest.model.design.logical.Relation" name="lecturer_for_group" directorySegmentName="seg_0" id="20EA1F0E-6520-7731-EFD6-F2B32404B24D">
<createdBy>wojci</createdBy>
<createdTime>2023-01-01 13:12:46 UTC</createdTime>
<ownerDesignName>design</ownerDesignName>
<engineerTo>
<item key="BA3ABB86-0D89-2DF1-9643-BB17D03443A8" value="true"/>
</engineerTo>
<sourcePk>C876E3C3-72DD-BC0C-271B-F443EEC840C1</sourcePk>
<identifying>false</identifying>
<optionalSource>true</optionalSource>
<optionalTarget>false</optionalTarget>
<sourceCardinality>1</sourceCardinality>
<sourceEntity>3E8B2F11-E910-D305-5DE7-501BD1C6DC67</sourceEntity>
<targetCardinalityString>*</targetCardinalityString>
<targetEntity>E8442C6A-59F3-C5AE-6F91-945D54F92099</targetEntity>
<transferable>true</transferable>
<deleteRule>NO ACTION</deleteRule>
</Relation>