<?xml version = '1.0' encoding = 'UTF-8'?>
<Relation class="oracle.dbtools.crest.model.design.logical.Relation" name="completing_exchange" directorySegmentName="seg_0" id="23FC7BD5-6242-D54E-37AC-888ADD439DEA">
<createdBy>wojci</createdBy>
<createdTime>2023-01-04 16:04:33 UTC</createdTime>
<ownerDesignName>design</ownerDesignName>
<engineerTo>
<item key="BA3ABB86-0D89-2DF1-9643-BB17D03443A8" value="true"/>
</engineerTo>
<targetPk>66CD7F4E-8A17-C569-FA45-C50D12D1DA23</targetPk>
<identifying>false</identifying>
<optionalSource>true</optionalSource>
<optionalTarget>true</optionalTarget>
<sourceCardinality>1</sourceCardinality>
<sourceEntity>CDBA9923-9B9B-D720-33DB-85513901B7F0</sourceEntity>
<targetCardinalityString>1</targetCardinalityString>
<targetEntity>CDBA9923-9B9B-D720-33DB-85513901B7F0</targetEntity>
<transferable>true</transferable>
<deleteRule>NO ACTION</deleteRule>
</Relation>