<?xml version = '1.0' encoding = 'UTF-8'?>
<Relation class="oracle.dbtools.crest.model.design.logical.Relation" name="group_in_classroom" directorySegmentName="seg_0" id="52EE5798-6E6B-8E55-0946-BEF502A46386">
<createdBy>wojci</createdBy>
<createdTime>2023-01-01 13:12:10 UTC</createdTime>
<ownerDesignName>design</ownerDesignName>
<engineerTo>
<item key="BA3ABB86-0D89-2DF1-9643-BB17D03443A8" value="true"/>
</engineerTo>
<sourcePk>563D513B-47B2-E6DB-E9CF-30C5356EB022</sourcePk>
<identifying>false</identifying>
<optionalSource>true</optionalSource>
<optionalTarget>false</optionalTarget>
<sourceCardinality>1</sourceCardinality>
<sourceEntity>3EDA1CEC-FBF8-922D-6162-90381C2E2661</sourceEntity>
<targetCardinalityString>*</targetCardinalityString>
<targetEntity>E8442C6A-59F3-C5AE-6F91-945D54F92099</targetEntity>
<transferable>true</transferable>
<deleteRule>NO ACTION</deleteRule>
</Relation>