<?xml version = '1.0' encoding = 'UTF-8'?>
<Relation class="oracle.dbtools.crest.model.design.logical.Relation" name="to_exchange_sell" directorySegmentName="seg_0" id="6B55E837-2848-8BAA-7F36-78B5D2F8DB79">
<createdBy>wojci</createdBy>
<createdTime>2023-01-01 13:58:21 UTC</createdTime>
<ownerDesignName>design</ownerDesignName>
<engineerTo>
<item key="BA3ABB86-0D89-2DF1-9643-BB17D03443A8" value="true"/>
</engineerTo>
<sourcePk>66CD7F4E-8A17-C569-FA45-C50D12D1DA23</sourcePk>
<identifying>false</identifying>
<optionalSource>false</optionalSource>
<optionalTarget>false</optionalTarget>
<sourceCardinality>1</sourceCardinality>
<sourceEntity>CDBA9923-9B9B-D720-33DB-85513901B7F0</sourceEntity>
<targetCardinalityString>*</targetCardinalityString>
<targetEntity>F018F6EA-9689-0190-6E22-45E06D49E94B</targetEntity>
<transferable>true</transferable>
<deleteRule>NO ACTION</deleteRule>
</Relation>