<?xml version = '1.0' encoding = 'UTF-8'?>
<Relation class="oracle.dbtools.crest.model.design.logical.Relation" name="in_faculty" directorySegmentName="seg_0" id="7CB54916-7BB8-9CBD-02E9-E56F5C48FB39">
<createdBy>wojci</createdBy>
<createdTime>2023-01-01 13:07:17 UTC</createdTime>
<ownerDesignName>design</ownerDesignName>
<engineerTo>
<item key="BA3ABB86-0D89-2DF1-9643-BB17D03443A8" value="true"/>
</engineerTo>
<sourcePk>B26ABA54-841F-9FD5-5378-6C2C3CCFD6C4</sourcePk>
<identifying>false</identifying>
<optionalSource>true</optionalSource>
<optionalTarget>false</optionalTarget>
<sourceCardinality>1</sourceCardinality>
<sourceEntity>06A64368-5B3C-3BA6-DACC-09D6D20EB8C0</sourceEntity>
<targetCardinalityString>*</targetCardinalityString>
<targetEntity>3EDA1CEC-FBF8-922D-6162-90381C2E2661</targetEntity>
<transferable>true</transferable>
<deleteRule>NO ACTION</deleteRule>
</Relation>