<?xml version = '1.0' encoding = 'UTF-8'?>
<Relation class="oracle.dbtools.crest.model.design.logical.Relation" name="course_of_group" directorySegmentName="seg_0" id="9DD18895-763C-B63C-CE06-408ACC6B4341">
<createdBy>wojci</createdBy>
<createdTime>2023-01-01 16:29:13 UTC</createdTime>
<ownerDesignName>design</ownerDesignName>
<engineerTo>
<item key="BA3ABB86-0D89-2DF1-9643-BB17D03443A8" value="true"/>
</engineerTo>
<sourcePk>01D6559D-FC26-798F-C4D9-42E7D52F1A2C</sourcePk>
<identifying>true</identifying>
<optionalSource>false</optionalSource>
<optionalTarget>false</optionalTarget>
<sourceCardinality>1</sourceCardinality>
<sourceEntity>CC1FB1B1-43C7-3A37-1843-D61F09FE968D</sourceEntity>
<targetCardinalityString>*</targetCardinalityString>
<targetEntity>E8442C6A-59F3-C5AE-6F91-945D54F92099</targetEntity>
<transferable>true</transferable>
<deleteRule>NO ACTION</deleteRule>
</Relation>