<?xml version = '1.0' encoding = 'UTF-8'?>
<Relation class="oracle.dbtools.crest.model.design.logical.Relation" name="groups_for_users" directorySegmentName="seg_0" id="9FA83584-A8BB-D63A-6A91-1D2FF5AF3970">
<createdBy>wojci</createdBy>
<createdTime>2023-01-01 13:14:53 UTC</createdTime>
<ownerDesignName>design</ownerDesignName>
<engineerTo>
<item key="BA3ABB86-0D89-2DF1-9643-BB17D03443A8" value="true"/>
</engineerTo>
<sourcePk>148F4032-BB16-3719-D71D-259E6BB635BE</sourcePk>
<identifying>false</identifying>
<optionalSource>true</optionalSource>
<optionalTarget>true</optionalTarget>
<sourceCardinality>1</sourceCardinality>
<sourceEntity>E8442C6A-59F3-C5AE-6F91-945D54F92099</sourceEntity>
<targetCardinalityString>*</targetCardinalityString>
<targetEntity>05B8C151-3B37-AB6E-F8CE-0E06D651AE63</targetEntity>
<transferable>true</transferable>
<deleteRule>NO ACTION</deleteRule>
</Relation>