<?xml version = '1.0' encoding = 'UTF-8'?>
<Relation class="oracle.dbtools.crest.model.design.logical.Relation" name="user_group_to_sell" directorySegmentName="seg_0" id="BFED1BA0-7B69-654D-8945-69F76F2BF56D">
<createdBy>wojci</createdBy>
<createdTime>2023-01-01 13:19:40 UTC</createdTime>
<ownerDesignName>design</ownerDesignName>
<engineerTo>
<item key="BA3ABB86-0D89-2DF1-9643-BB17D03443A8" value="true"/>
</engineerTo>
<sourcePk>3BBC7862-FB57-BCAA-2505-C0AC39C9F618</sourcePk>
<identifying>false</identifying>
<optionalSource>true</optionalSource>
<optionalTarget>false</optionalTarget>
<sourceCardinality>1</sourceCardinality>
<sourceEntity>05B8C151-3B37-AB6E-F8CE-0E06D651AE63</sourceEntity>
<targetCardinalityString>1</targetCardinalityString>
<targetEntity>CDBA9923-9B9B-D720-33DB-85513901B7F0</targetEntity>
<transferable>true</transferable>
<deleteRule>NO ACTION</deleteRule>
</Relation>