<?xml version = '1.0' encoding = 'UTF-8'?>
<Relation class="oracle.dbtools.crest.model.design.logical.Relation" name="group_to_exchange" directorySegmentName="seg_0" id="C632768E-EFD8-7919-7E5E-07380E4D73F7">
<createdBy>wojci</createdBy>
<createdTime>2023-01-01 13:58:43 UTC</createdTime>
<ownerDesignName>design</ownerDesignName>
<engineerTo>
<item key="BA3ABB86-0D89-2DF1-9643-BB17D03443A8" value="true"/>
</engineerTo>
<sourcePk>148F4032-BB16-3719-D71D-259E6BB635BE</sourcePk>
<identifying>false</identifying>
<optionalSource>true</optionalSource>
<optionalTarget>false</optionalTarget>
<sourceCardinality>1</sourceCardinality>
<sourceEntity>E8442C6A-59F3-C5AE-6F91-945D54F92099</sourceEntity>
<targetCardinalityString>*</targetCardinalityString>
<targetEntity>F018F6EA-9689-0190-6E22-45E06D49E94B</targetEntity>
<transferable>true</transferable>
<deleteRule>NO ACTION</deleteRule>
</Relation>