<?xml version = '1.0' encoding = 'UTF-8'?>
<Relation class="oracle.dbtools.crest.model.design.logical.Relation" name="groups_of_user" directorySegmentName="seg_0" id="EBE0C6A7-E166-38FF-563D-9CFEEFB41970">
<createdBy>wojci</createdBy>
<createdTime>2023-01-01 13:14:30 UTC</createdTime>
<ownerDesignName>design</ownerDesignName>
<engineerTo>
<item key="BA3ABB86-0D89-2DF1-9643-BB17D03443A8" value="true"/>
</engineerTo>
<sourcePk>00D76473-84B1-0C97-DF65-9EFA94BF4FA6</sourcePk>
<identifying>false</identifying>
<optionalSource>true</optionalSource>
<optionalTarget>false</optionalTarget>
<sourceCardinality>1</sourceCardinality>
<sourceEntity>4A8AB8F2-DC79-7FFE-D5CE-ADD551D59CA5</sourceEntity>
<targetCardinalityString>*</targetCardinalityString>
<targetEntity>05B8C151-3B37-AB6E-F8CE-0E06D651AE63</targetEntity>
<transferable>true</transferable>
<deleteRule>NO ACTION</deleteRule>
</Relation>